TIME,VALUE,Device ID
12685,2459,1
12695,2463,1
12715,2463,1
12735,2473,1
12755,2463,1
12775,2466,1
12795,2475,1
12815,2474,1
12835,2479,1
12855,2462,1
12875,2471,1
12895,2459,1
12915,2477,1
12935,2473,1
12955,2473,1
12975,2477,1
12995,2464,1
13015,2466,1
13035,2465,1
13055,2458,1
13075,2459,1
13095,2463,1
13115,2469,1
13135,2462,1
13155,2469,1
13175,2462,1
13195,2465,1
13215,2466,1
13235,2466,1
13255,2467,1
13275,2473,1
13295,2465,1
13315,2435,1
13335,2461,1
13355,2502,1
13375,2464,1
13395,2460,1
13415,2467,1
13435,2465,1
13455,2463,1
13475,2462,1
13495,2514,1
13515,2459,1
13535,2470,1
13555,2463,1
13575,2464,1
13595,2465,1
13615,2461,1
13635,2463,1
13655,2465,1
13675,2475,1
13695,2467,1
13715,2469,1
13735,2466,1
13755,2467,1
13775,2458,1
13795,2463,1
13815,2466,1
13835,2462,1
13855,2455,1
13875,2463,1
13895,2457,1
13915,2459,1
13935,2460,1
13955,2461,1
13975,2465,1
13995,2463,1
14015,2464,1
14035,2466,1
14055,2465,1
14075,2463,1
14095,2465,1
14115,2460,1
14135,2461,1
14155,2463,1
14175,2454,1
14195,2464,1
14215,2457,1
14235,2463,1
14255,2434,1
14275,2455,1
14295,2466,1
14315,2438,1
14335,2470,1
14355,2460,1
14375,2471,1
14395,2462,1
14415,2470,1
14435,2470,1
14455,2461,1
14475,2465,1
14495,2461,1
14515,2299,1
14535,2453,1
14555,2462,1
14575,2454,1
14595,2460,1
14615,2480,1
14635,2465,1
14655,2469,1
14675,2463,1
14695,2460,1
14715,2469,1
14735,2462,1
14755,2462,1
14775,2464,1
14795,2289,1
14815,2469,1
14835,2459,1
14855,2474,1
14875,2461,1
14895,2474,1
14915,2466,1
14935,2461,1
14955,2458,1
14975,2469,1
14995,2442,1
15015,2466,1
15035,2429,1
15065,2462,1
15075,2453,1
15095,2459,1
15125,2465,1
15135,2470,1
15155,2464,1
15175,2454,1
15195,2472,1
15215,2457,1
15235,2451,1
15255,2458,1
15275,2480,1
15295,2480,1
15315,2463,1
15335,2462,1
15365,2462,1
15375,2465,1
15395,2463,1
15415,2463,1
15435,2463,1
15455,2462,1
15475,2479,1
15495,2475,1
15515,2462,1
15535,2466,1
15555,2466,1
15575,2453,1
15595,2460,1
15615,2458,1
15635,2455,1
15655,2469,1
15675,2471,1
15695,2465,1
15715,2459,1
15735,2462,1
15755,2461,1
15775,2470,1
15795,2466,1
15815,2459,1
15835,2465,1
15855,2460,1
15875,2465,1
15895,2489,1
15915,2459,1
15935,2463,1
15955,2459,1
15975,2454,1
15995,2461,1
16015,2460,1
16035,2488,1
16065,2471,1
16075,2459,1
16095,2458,1
16115,2462,1
16135,2500,1
16165,2459,1
16175,2455,1
16195,2286,1
16215,2461,1
16235,2467,1
16255,2466,1
16275,2459,1
16295,2459,1
16315,2469,1
16335,2463,1
16355,2464,1
16375,2459,1
16395,2480,1
16415,2466,1
16435,2457,1
16455,2466,1
16475,2467,1
16495,2461,1
16515,2462,1
16535,2464,1
16555,2461,1
16575,2465,1
16595,2463,1
16615,2463,1
16635,2464,1
16655,2462,1
16675,2461,1
16695,2459,1
16725,2467,1
16755,2463,1
16785,2463,1
16815,2470,1
16835,2475,1
16845,2461,1
16855,2463,1
16865,2466,1
16875,2467,1
16905,2464,1
16915,2466,1
16935,2466,1
16955,2467,1
16975,2463,1
16995,2462,1
17015,2467,1
17035,2460,1
17055,2469,1
17075,2469,1
17095,2459,1
17115,2480,1
17135,2462,1
17155,2477,1
17175,2462,1
17195,2463,1
17215,2470,1
17235,2464,1
17255,2461,1
17275,2463,1
17295,2463,1
17315,2475,1
17335,2411,1
17355,2469,1
17375,2475,1
17395,2459,1
17415,2459,1
17435,2461,1
17455,2467,1
17475,2462,1
17495,2464,1
17515,2467,1
17535,2461,1
17555,2463,1
17575,2466,1
17595,2461,1
17615,2461,1
17635,2465,1
17655,2466,1
17675,2462,1
17695,2464,1
17715,2467,1
17735,2462,1
17755,2469,1
17775,2457,1
17795,2466,1
17815,2414,1
17835,2475,1
17855,2411,1
17875,2466,1
17895,2459,1
17915,2463,1
17935,2463,1
17955,2467,1
17975,2509,1
17995,2463,1
18015,2478,1
18035,2458,1
18055,2464,1
18075,2471,1
18095,2455,1
18115,2465,1
18135,2477,1
18155,2465,1
18175,2464,1
18195,2466,1
18215,2459,1
18235,2466,1
18255,2466,1
18275,2463,1
18295,2461,1
18315,2461,1
18335,2463,1
18355,2467,1
18375,2459,1
18395,2437,1
18415,2464,1
18435,2463,1
18455,2462,1
18475,2465,1
18505,2464,1
18515,2461,1
18535,2465,1
18555,2476,1
18575,2462,1
18595,2450,1
18615,2462,1
18635,2473,1
18655,2465,1
18675,2468,1
18695,2467,1
18715,2474,1
18735,2467,1
18755,2465,1
18775,2474,1
18795,2459,1
18815,2461,1
18835,2457,1
18855,2459,1
18875,2462,1
18895,2458,1
18915,2462,1
18935,2465,1
18955,2466,1
18975,2464,1
18995,2470,1
19015,2465,1
19035,2467,1
19055,2465,1
19075,2454,1
19095,2463,1
19115,2458,1
19145,2463,1
19155,2470,1
19175,2463,1
19195,2460,1
19215,2447,1
19235,2467,1
19255,2465,1
19275,2471,1
19295,2466,1
19315,2458,1
19335,2482,1
19355,2466,1
19375,2461,1
19395,2463,1
19415,2461,1
19435,2465,1
19455,2465,1
19475,2464,1
19505,2464,1
19515,2462,1
19535,2459,1
19555,2471,1
19575,2466,1
19595,2466,1
19615,2460,1
19635,2466,1
19655,2469,1
19675,2459,1
19695,2465,1
19715,2461,1
19735,2453,1
19755,2469,1
19775,2469,1
19795,2467,1
19815,2459,1
19835,2461,1
19855,2470,1
19875,2459,1
19895,2463,1
19915,2446,1
19935,2468,1
19955,2469,1
19975,2461,1
19995,2455,1
20015,2467,1
20035,2453,1
20055,2290,1
20075,2462,1
20095,2447,1
20115,2461,1
20135,2466,1
20155,2461,1
20175,2469,1
20195,2466,1
20215,2474,1
20235,2457,1
20255,2449,1
20275,2457,1
20295,2466,1
20315,2448,1
20335,2462,1
20355,2471,1
20375,2459,1
20395,2467,1
20415,2290,1
20435,2455,1
20455,2465,1
20475,2433,1
20495,2471,1
20515,2432,1
20535,2278,1
20555,2462,1
20575,2466,1
20595,2462,1
20615,2459,1
20635,2462,1
20655,2458,1
20675,2457,1
20695,2461,1
20735,2469,1
20765,2461,1
20805,2449,1
20825,2451,1
20835,2464,1
20845,2464,1
20855,2470,1
20865,2465,1
20885,2465,1
20895,2462,1
20915,2463,1
20935,2461,1
20955,2470,1
20975,2469,1
20995,2465,1
21015,2457,1
21035,2463,1
21055,2457,1
21075,2461,1
21095,2473,1
21115,2467,1
21135,2453,1
21155,2462,1
21175,2271,1
21195,2465,1
21215,2465,1
21245,2463,1
21255,2462,1
21275,2461,1
21295,2510,1
21315,2464,1
21335,2463,1
21355,2470,1
21375,2449,1
21395,2464,1
21415,2460,1
21435,2461,1
21455,2465,1
21475,2470,1
21495,2460,1
21515,2470,1
21535,2454,1
21555,2470,1
21575,2458,1
21595,2462,1
21615,2466,1
21635,2464,1
21655,2469,1
21675,2459,1
21695,2466,1
21715,2467,1
21735,2458,1
21755,2457,1
21775,2274,1
21795,2467,1
21815,2461,1
21835,2455,1
21855,2466,1
21875,2462,1
21895,2410,1
21915,2464,1
21935,2469,1
21955,2464,1
21975,2467,1
21995,2459,1
22015,2466,1
22035,2463,1
22055,2475,1
22075,2462,1
22095,2467,1
22115,2465,1
22135,2422,1
22155,2459,1
22175,2454,1
22195,2469,1
22215,2462,1
22235,2465,1
22255,2463,1
22275,2270,1
22295,2462,1
22315,2454,1
22335,2458,1
22355,2458,1
22375,2456,1
22395,2461,1
22415,2411,1
22435,2470,1
22455,2464,1
22475,2457,1
22495,2463,1
22515,2463,1
22535,2466,1
22555,2466,1
22575,2456,1
22595,2458,1
22615,2463,1
22635,2466,1
22655,2466,1
22675,2466,1
22695,2461,1
22715,2462,1
22735,2466,1
22755,2462,1
22775,2462,1
22795,2466,1
22815,2464,1
22835,2466,1
22855,2463,1
22875,2465,1
22895,2462,1
22915,2459,1
22935,2459,1
22955,2463,1
22975,2469,1
22995,2454,1
23015,2463,1
23035,2465,1
23055,2458,1
23075,2469,1
23095,2274,1
23115,2457,1
23135,2414,1
23155,2463,1
23175,2467,1
23195,2459,1
23215,2463,1
23235,2463,1
23255,2468,1
23275,2467,1
23295,2464,1
23315,2461,1
23335,2448,1
23355,2465,1
23375,2469,1
23395,2461,1
23415,2479,1
23435,2467,1
23455,2462,1
23475,2466,1
23495,2458,1
23515,2459,1
23535,2467,1
23555,2467,1
23575,2462,1
23595,2458,1
23615,2479,1
23635,2462,1
23655,2459,1
23675,2463,1
23695,2465,1
23715,2458,1
23735,2461,1
23765,2462,1
23775,2468,1
23795,2461,1
23815,2462,1
23835,2469,1
23855,2455,1
23875,2473,1
23895,2473,1
23915,2468,1
23935,2463,1
23955,2466,1
23975,2477,1
23995,2462,1
24015,2465,1
24035,2467,1
24055,2463,1
24075,2463,1
24095,2470,1
24115,2461,1
24135,2455,1
24155,2458,1
24175,2459,1
24195,2461,1
24215,2539,1
24235,2466,1
24255,2454,1
24275,2467,1
24295,2461,1
24315,2460,1
24335,2448,1
24355,2470,1
24375,2427,1
24395,2467,1
24415,2460,1
24435,2462,1
24455,2458,1
24475,2463,1
24495,2449,1
24515,2463,1
24535,2458,1
24555,2468,1
24575,2467,1
24595,2475,1
24615,2470,1
24635,2470,1
24655,2463,1
24675,2275,1
24695,2469,1
24725,2461,1
24755,2466,1
24775,2462,1
24795,2460,1
24835,2441,1
24855,2459,1
24865,2475,1
24875,2463,1
24885,2460,1
24895,2455,1
24915,2466,1
24935,2465,1
24955,2464,1
24975,2457,1
24995,2459,1
25015,2465,1
25035,2463,1
25055,2461,1
25075,2451,1
25095,2461,1
25115,2462,1
25135,2459,1
25155,2473,1
25175,2467,1
25195,2462,1
25215,2455,1
25235,2475,1
25255,2459,1
25275,2469,1
25295,2455,1
25315,2471,1
25335,2453,1
25355,2455,1
25375,2463,1
25395,2465,1
25415,2466,1
25435,2475,1
25455,2471,1
25475,2459,1
25495,2463,1
25515,2468,1
25535,2463,1
25555,2458,1
25575,2465,1
25595,2455,1
25615,2455,1
25635,2463,1
25655,2466,1
25675,2463,1
25695,2463,1
25715,2466,1
25735,2462,1
25755,2466,1
25775,2461,1
25795,2455,1
25815,2463,1
25845,2462,1
25855,2462,1
25875,2467,1
25895,2470,1
25915,2467,1
25935,2463,1
25955,2448,1
25975,2466,1
25995,2478,1
26015,2467,1
26035,2466,1
26055,2459,1
26075,2468,1
26095,2463,1
26115,2463,1
26135,2465,1
26155,2461,1
26175,2463,1
26195,2465,1
26215,2466,1
26235,2475,1
26255,2461,1
26275,2466,1
26295,2466,1
26315,2463,1
26335,2458,1
26355,2459,1
26375,2463,1
26395,2465,1
26425,2464,1
26435,2453,1
26455,2467,1
26475,2463,1
26495,2459,1
26515,2463,1
26535,2453,1
26555,2465,1
26575,2470,1
26595,2467,1
26615,2463,1
26635,2457,1
26655,2462,1
26675,2462,1
26695,2479,1
26715,2465,1
26735,2448,1
26755,2469,1
26775,2467,1
26795,2474,1
26815,2450,1
26835,2463,1
26855,2459,1
26875,2461,1
26895,2466,1
26915,2466,1
26935,2295,1
26955,2463,1
26975,2461,1
26995,2464,1
27015,2453,1
27035,2470,1
27055,2458,1
27075,2466,1
27095,2462,1
27115,2465,1
27135,2468,1
27155,2462,1
27175,2454,1
27195,2470,1
27215,2478,1
27235,2465,1
27255,2464,1
27275,2461,1
27295,2466,1
27315,2465,1
27335,2258,1
27355,2464,1
27375,2464,1
27395,2466,1
27415,2467,1
27435,2462,1
27455,2463,1
27475,2459,1
27495,2463,1
27515,2471,1
27535,2473,1
27555,2460,1
27575,2467,1
27595,2460,1
27615,2452,1
27635,2461,1
27655,2464,1
27675,2467,1
27695,2475,1
27715,2462,1
27735,2467,1
27755,2464,1
27775,2462,1
27795,2454,1
27815,2467,1
27835,2463,1
27855,2464,1
27875,2466,1
27895,2470,1
27915,2458,1
27935,2462,1
27955,2471,1
27975,2463,1
27995,2489,1
28015,2465,1
28035,2466,1
28055,2462,1
28075,2315,1
28105,2465,1
28115,2459,1
28135,2466,1
28155,2467,1
28175,2463,1
28195,2468,1
28215,2264,1
28235,2449,1
28255,2511,1
28275,2458,1
28295,2464,1
28315,2467,1
28335,2465,1
28355,2463,1
28375,2467,1
28395,2459,1
28415,2467,1
28435,2461,1
28455,2467,1
28475,2455,1
28495,2463,1
28515,2463,1
28535,2455,1
28555,2464,1
28575,2469,1
28595,2477,1
28625,2463,1
28635,2466,1
28655,2466,1
28675,2458,1
28695,2466,1
28715,2462,1
28735,2432,1
28775,2459,1
28805,2469,1
28835,2509,1
28845,2464,1
28855,2462,1
28865,2463,1
28885,2462,1
28905,2464,1
28915,2461,1
28935,2458,1
28955,2464,1
28975,2465,1
28995,2465,1
29015,2456,1
29035,2464,1
29055,2452,1
29075,2460,1
29095,2469,1
29115,2466,1
29135,2331,1
29155,2466,1
29175,2465,1
29195,2456,1
29215,2475,1
29235,2466,1
29255,2276,1
29275,2470,1
29295,2450,1
29315,2463,1
29335,2462,1
29355,2462,1
29375,2453,1
29395,2436,1
29415,2466,1
29435,2474,1
29455,2464,1
29475,2459,1
29495,2453,1
29515,2454,1
29535,2474,1
29555,2459,1
29575,2467,1
29595,2466,1
29615,2462,1
29635,2467,1
29655,2459,1
29675,2470,1
29695,2464,1
29715,2467,1
29735,2457,1
29755,2421,1
29775,2465,1
29795,2468,1
29815,2486,1
29835,2442,1
29855,2464,1
29875,2466,1
29895,2462,1
29915,2458,1
29935,2465,1
29955,2467,1
29975,2463,1
29995,2469,1
30015,2468,1
30035,2463,1
30055,2461,1
30075,2463,1
30095,2458,1
30115,2459,1
30135,2455,1
30155,2465,1
30185,2463,1
30195,2467,1
30215,2455,1
30235,2463,1
30255,2450,1
30275,2437,1
30295,2459,1
30315,2464,1
30335,2465,1
30355,2446,1
30375,2459,1
30395,2468,1
30415,2461,1
30435,2464,1
30455,2271,1
30475,2461,1
30495,2453,1
30515,2463,1
30535,2465,1
30555,2467,1
30575,2459,1
30595,2462,1
30615,2461,1
30635,2459,1
30655,2448,1
30675,2459,1
30695,2469,1
30715,2458,1
30735,2465,1
30755,2463,1
30775,2463,1
30795,2447,1
30815,2470,1
30835,2465,1
30855,2466,1
30875,2459,1
30895,2465,1
30915,2461,1
30935,2466,1
30955,2467,1
30975,2465,1
30995,2461,1
31015,2462,1
31035,2463,1
31055,2474,1
31075,2470,1
31095,2466,1
31115,2463,1
31135,2462,1
31155,2468,1
31175,2461,1
31195,2458,1
31215,2463,1
31235,2461,1
31255,2454,1
31275,2463,1
31295,2462,1
31315,2467,1
31335,2461,1
31355,2463,1
31375,2462,1
31395,2468,1
31415,2529,1
31435,2459,1
31455,2458,1
31475,2464,1
31495,2467,1
31515,2464,1
31535,2462,1
31555,2460,1
31575,2461,1
31595,2457,1
31615,2471,1
31635,2465,1
31655,2471,1
31675,2461,1
31695,2468,1
31715,2462,1
31735,2471,1
31755,2462,1
31775,2457,1
31795,2481,1
31815,2465,1
31835,2465,1
31855,2461,1
31875,2466,1
31895,2461,1
31915,2459,1
31935,2463,1
31955,2285,1
31975,2462,1
31995,2463,1
32015,2480,1
32035,2468,1
32055,2465,1
32075,2464,1
32095,2465,1
32115,2463,1
32135,2464,1
32155,2460,1
32175,2468,1
32195,2462,1
32215,2459,1
32235,2467,1
32255,2462,1
32275,2463,1
32295,2461,1
32315,2450,1
32335,2459,1
32355,2463,1
32375,2464,1
32395,2469,1
32415,2463,1
32435,2462,1
32455,2464,1
32475,2462,1
32495,2457,1
32515,2439,1
32535,2469,1
32555,2485,1
32575,2458,1
32595,2462,1
32615,2470,1
32635,2458,1
32655,2462,1
32675,2293,1
32695,2458,1
32725,2460,1
32735,2470,1
32765,2465,1
32795,2462,1
32825,2466,1
32855,2461,1
32865,2466,1
32875,2465,1
32885,2465,1
32905,2466,1
32915,2462,1
32935,2465,1
32955,2463,1
32975,2471,1
32995,2458,1
33015,2475,1
33035,2463,1
33055,2460,1
33075,2465,1
33095,2459,1
33115,2462,1
33135,2462,1
33155,2462,1
33175,2458,1
33195,2468,1
33215,2462,1
33235,2459,1
33255,2463,1
33275,2479,1
33295,2461,1
33315,2465,1
33335,2465,1
33355,2447,1
33375,2469,1
33395,2463,1
33415,2463,1
33435,2455,1
33455,2279,1
33475,2450,1
33495,2470,1
33515,2462,1
33535,2474,1
33555,2457,1
33575,2465,1
33595,2463,1
33615,2465,1
33635,2462,1
33655,2462,1
33675,2464,1
33695,2474,1
33715,2518,1
33735,2461,1
33755,2405,1
33775,2470,1
33795,2451,1
33815,2466,1
33835,2467,1
33855,2454,1
33875,2462,1
33895,2466,1
33915,2467,1
33935,2459,1
33955,2464,1
33975,2463,1
33995,2459,1
34015,2463,1
34035,2467,1
34055,2471,1
34075,2470,1
34095,2465,1
34115,2465,1
34135,2455,1
34155,2464,1
34175,2466,1
34195,2463,1
34215,2463,1
34235,2466,1
34255,2462,1
34275,2461,1
34295,2304,1
34315,2459,1
34335,2460,1
34355,2463,1
34375,2460,1
34395,2465,1
34415,2463,1
34435,2463,1
34455,2465,1
34475,2464,1
34495,2471,1
34515,2464,1
34535,2469,1
34555,2470,1
34575,2467,1
34595,2465,1
34615,2463,1
34635,2465,1
34655,2469,1
34675,2476,1
34695,2466,1
34715,2474,1
34735,2469,1
34755,2495,1
34775,2464,1
34795,2463,1
34815,2451,1
34835,2465,1
34855,2463,1
34875,2470,1
34895,2463,1
34915,2501,1
34935,2463,1
34955,2467,1
34975,2459,1
34995,2463,1
35015,2458,1
35035,2465,1
35065,2462,1
35075,2459,1
35095,2464,1
35115,2462,1
35135,2447,1
35155,2463,1
35175,2465,1
35195,2459,1
35215,2463,1
35235,2461,1
35255,2454,1
35275,2450,1
35295,2458,1
35315,2450,1
35335,2466,1
35355,2471,1
35375,2474,1
35395,2460,1
35415,2290,1
35435,2465,1
35455,2462,1
35475,2470,1
35495,2459,1
35515,2463,1
35535,2281,1
35555,2461,1
35575,2466,1
35595,2467,1
35615,2461,1
35635,2474,1
35655,2458,1
35675,2464,1
35695,2447,1
35715,2471,1
35735,2467,1
35755,2464,1
35775,2477,1
35795,2462,1
35815,2462,1
35835,2470,1
35855,2462,1
35875,2463,1
35895,2459,1
35915,2464,1
35935,2459,1
35955,2462,1
35975,2462,1
35995,2465,1
36015,2467,1
36035,2467,1
36055,2466,1
36075,2515,1
36095,2463,1
36115,2459,1
36135,2466,1
36155,2465,1
36175,2467,1
36195,2459,1
36215,2480,1
36235,2474,1
36255,2467,1
36275,2458,1
36295,2459,1
36315,2435,1
36335,2467,1
36355,2462,1
36375,2467,1
36395,2467,1
36425,2465,1
36435,2467,1
36455,2467,1
36475,2464,1
36495,2471,1
36515,2466,1
36535,2465,1
36555,2466,1
36575,2463,1
36595,2473,1
36615,2467,1
36635,2464,1
36655,2322,1
36675,2463,1
36705,2282,1
36725,2464,1
36765,2467,1
36785,2463,1
36815,2490,1
36845,2466,1
36855,2465,1
36865,2455,1
36875,2463,1
36885,2465,1
36895,2463,1
36915,2471,1
36935,2466,1
36955,2462,1
36975,2448,1
36995,2498,1
37015,2435,1
37035,2467,1
37055,2465,1
37075,2460,1
37095,2464,1
37115,2459,1
37135,2468,1
37155,2467,1
37175,2465,1
37195,2461,1
37215,2277,1
37235,2474,1
37255,2463,1
37275,2458,1
37295,2465,1
37315,2463,1
37335,2457,1
37355,2463,1
37375,2451,1
37395,2467,1
37415,2467,1
37435,2457,1
37455,2464,1
37475,2455,1
37495,2469,1
37515,2470,1
37535,2458,1
37555,2461,1
37575,2464,1
37595,2464,1
37615,2461,1
37635,2471,1
37655,2462,1
37675,2457,1
37695,2462,1
37715,2456,1
37735,2459,1
37755,2283,1
37775,2467,1
37795,2459,1
37815,2480,1
37835,2462,1
37865,2461,1
37875,2463,1
37895,2467,1
37915,2461,1
37935,2465,1
37955,2464,1
37975,2465,1
37995,2472,1
38015,2448,1
38035,2469,1
38055,2467,1
38075,2465,1
38095,2459,1
38115,2469,1
38135,2464,1
38165,2470,1
38175,2466,1
38195,2460,1
38215,2465,1
38235,2451,1
38255,2407,1
38275,2467,1
38295,2466,1
38315,2465,1
38335,2460,1
38355,2459,1
38375,2466,1
38395,2458,1
38415,2463,1
38435,2469,1
38455,2467,1
38475,2462,1
38495,2477,1
38515,2463,1
38535,2465,1
38555,2462,1
38575,2471,1
38595,2464,1
38615,2283,1
38635,2464,1
38655,2462,1
38675,2475,1
38695,2459,1
38715,2475,1
38735,2465,1
38755,2467,1
38775,2459,1
38795,2465,1
38815,2465,1
38835,2464,1
38855,2464,1
38875,2465,1
38895,2464,1
38915,2458,1
38935,2470,1
38955,2471,1
38985,2474,1
38995,2462,1
39015,2459,1
39035,2471,1
39055,2463,1
39075,2462,1
39095,2273,1
39115,2464,1
39135,2466,1
39155,2463,1
39175,2465,1
39195,2458,1
39215,2459,1
39235,2469,1
39255,2467,1
39275,2411,1
39295,2467,1
39315,2462,1
39335,2461,1
39355,2462,1
39375,2450,1
39395,2471,1
39415,2467,1
39435,2465,1
39455,2469,1
39475,2465,1
39495,2465,1
39515,2462,1
39535,2465,1
39565,2467,1
39575,2451,1
39595,2461,1
39615,2464,1
39635,2471,1
39655,2461,1
39675,2464,1
39695,2465,1
39715,2464,1
39735,2451,1
39755,2461,1
39775,2465,1
39795,2471,1
39815,2449,1
39835,2455,1
39855,2465,1
39875,2462,1
39895,2473,1
39915,2467,1
39935,2467,1
39955,2469,1
39975,2467,1
39995,2464,1
40015,2448,1
40035,2455,1
40055,2463,1
40075,2465,1
40095,2471,1
40115,2462,1
40135,2463,1
40155,2465,1
40175,2471,1
40195,2465,1
40215,2464,1
40235,2459,1
40255,2463,1
40275,2459,1
40295,2464,1
40315,2286,1
40335,2466,1
40355,2466,1
40375,2293,1
40395,2467,1
40415,2465,1
40435,2463,1
40455,2470,1
40475,2464,1
40495,2461,1
40515,2464,1
40535,2459,1
40555,2463,1
40575,2463,1
40595,2466,1
40615,2471,1
40635,2462,1
40655,2463,1
40675,2459,1
40695,2459,1
40715,2457,1
40745,2462,1
40765,2475,1
40795,2467,1
40835,2467,1
40855,2466,1
40865,2462,1
40875,2460,1
40885,2461,1
40895,2459,1
40925,2469,1
40935,2465,1
40955,2464,1
40985,2467,1
40995,2457,1
41015,2461,1
41035,2453,1
41055,2464,1
41085,2463,1
41095,2470,1
41115,2458,1
41135,2465,1
41155,2467,1
41175,2287,1
41195,2466,1
41215,2467,1
41235,2461,1
41255,2310,1
41275,2465,1
41295,2463,1
41315,2463,1
41335,2473,1
41355,2458,1
41375,2465,1
41395,2462,1
41415,2458,1
41435,2469,1
41455,2466,1
41475,2464,1
41495,2465,1
41515,2473,1
41535,2471,1
41555,2501,1
41575,2463,1
41595,2473,1
41615,2464,1
41635,2509,1
41655,2458,1
41675,2475,1
41695,2470,1
41715,2465,1
41735,2464,1
41755,2461,1
41775,2470,1
41795,2465,1
41815,2484,1
41835,2466,1
41855,2470,1
41875,2469,1
41895,2465,1
41915,2463,1
41935,2463,1
41955,2475,1
41975,2486,1
41995,2465,1
42015,2459,1
42035,2465,1
42055,2470,1
42075,2463,1
42095,2464,1
42115,2463,1
42135,2463,1
42155,2463,1
42175,2463,1
42195,2465,1
42215,2462,1
42235,2456,1
42255,2462,1
42275,2468,1
42295,2461,1
42315,2462,1
42335,2469,1
42355,2468,1
42375,2477,1
42395,2463,1
42415,2455,1
42435,2464,1
42455,2477,1
42475,2458,1
42495,2459,1
42525,2470,1
42535,2465,1
42555,2470,1
42575,2459,1
42595,2463,1
42615,2469,1
42635,2466,1
42655,2468,1
42675,2462,1
42695,2474,1
42715,2467,1
42735,2416,1
42755,2413,1
42775,2463,1
42795,2480,1
42815,2458,1
42835,2462,1
42855,2461,1
42875,2480,1
42895,2464,1
42915,2461,1
42935,2464,1
42955,2431,1
42975,2457,1
42995,2471,1
43015,2466,1
43035,2461,1
43055,2467,1
43075,2462,1
43095,2463,1
43115,2467,1
43135,2462,1
43155,2473,1
43175,2467,1
43205,2455,1
43215,2458,1
43235,2463,1
43255,2469,1
43275,2461,1
43295,2463,1
43315,2267,1
43335,2462,1
43355,2468,1
43375,2464,1
43395,2465,1
43415,2453,1
43435,2462,1
43455,2462,1
43475,2455,1
43495,2470,1
43515,2461,1
43535,2430,1
43555,2462,1
43575,2467,1
43595,2463,1
43615,2464,1
43635,2469,1
43655,2464,1
43675,2458,1
43695,2502,1
43715,2463,1
43735,2287,1
43755,2461,1
43775,2464,1
43805,2462,1
43815,2463,1
43835,2464,1
43855,2467,1
43875,2463,1
43895,2458,1
43915,2464,1
43935,2463,1
43955,2463,1
43975,2467,1
43995,2462,1
44015,2457,1
44035,2463,1
44055,2463,1
44075,2461,1
44095,2461,1
44115,2463,1
44135,2457,1
44155,2458,1
44175,2433,1
44195,2470,1
44215,2469,1
44235,2461,1
44255,2340,1
44275,2465,1
44295,2458,1
44315,2463,1
44335,2462,1
44355,2459,1
44375,2458,1
44395,2464,1
44415,2467,1
44435,2462,1
44455,2462,1
44475,2453,1
44495,2466,1
44515,2465,1
44535,2469,1
44555,2465,1
44575,2463,1
44595,2460,1
44615,2462,1
44635,2477,1
44655,2461,1
44675,2463,1
44695,2458,1
44715,2459,1
44745,2466,1
44785,2467,1
44815,2472,1
44835,2463,1
44845,2469,1
44855,2465,1
44865,2459,1
44875,2465,1
44905,2464,1
44915,2473,1
44935,2459,1
44955,2465,1
44975,2506,1
44995,2461,1
45015,2463,1
45035,2467,1
45055,2503,1
45075,2455,1
45095,2464,1
45115,2463,1
45135,2289,1
45155,2459,1
45175,2474,1
45195,2473,1
45215,2462,1
45235,2466,1
45255,2469,1
45275,2467,1
45305,2464,1
45315,2455,1
45335,2477,1
45355,2462,1
45375,2459,1
45395,2471,1
45415,2462,1
45435,2468,1
45455,2475,1
45475,2465,1
45495,2465,1
45515,2463,1
45535,2466,1
45555,2463,1
45575,2468,1
45595,2463,1
45615,2479,1
45635,2467,1
45655,2471,1
45675,2466,1
45695,2459,1
45715,2461,1
45735,2470,1
45755,2451,1
45775,2462,1
45795,2463,1
45815,2474,1
45835,2474,1
45855,2464,1
45875,2458,1
45895,2464,1
45915,2463,1
45935,2467,1
45955,2423,1
45975,2465,1
45995,2463,1
46015,2461,1
46035,2465,1
46055,2467,1
46075,2464,1
46095,2469,1
46115,2463,1
46135,2463,1
46155,2465,1
46175,2466,1
46195,2462,1
46215,2462,1
46235,2465,1
46255,2467,1
46275,2466,1
46295,2443,1
46315,2509,1
46335,2455,1
46355,2455,1
46375,2461,1
46395,2462,1
46415,2464,1
46435,2462,1
46455,2464,1
46475,2415,1
46495,2467,1
46515,2466,1
46535,2474,1
46555,2513,1
46575,2461,1
46595,2461,1
46615,2463,1
46635,2461,1
46655,2462,1
46675,2458,1
46695,2467,1
46715,2461,1
46735,2463,1
46755,2465,1
46775,2465,1
46795,2458,1
46815,2333,1
46835,2459,1
46855,2465,1
46875,2463,1
46895,2467,1
46915,2465,1
46935,2468,1
46955,2282,1
46975,2465,1
46995,2467,1
47015,2469,1
47035,2461,1
47055,2471,1
47075,2461,1
47095,2445,1
47115,2483,1
47135,2453,1
47155,2467,1
47175,2467,1
47195,2465,1
47215,2466,1
47235,2363,1
47255,2467,1
47275,2470,1
47295,2465,1
47315,2466,1
47335,2463,1
47355,2486,1
47375,2463,1
47405,2466,1
47415,2465,1
47435,2462,1
47455,2454,1
47475,2461,1
47495,2463,1
47515,2452,1
47535,2464,1
47555,2459,1
47575,2464,1
47595,2455,1
47615,2465,1
47635,2471,1
47655,2463,1
47675,2469,1
47695,2459,1
47715,2466,1
47735,2461,1
47755,2467,1
47775,2495,1
47795,2468,1
47815,2469,1
47835,2465,1
47855,2469,1
47875,2368,1
47895,2452,1
47915,2464,1
47935,2454,1
47955,2458,1
47975,2464,1
48005,2470,1
48015,2460,1
48035,2467,1
48055,2466,1
48075,2464,1
48095,2467,1
48115,2463,1
48135,2465,1
48155,2461,1
48175,2474,1
48195,2467,1
48215,2465,1
48235,2289,1
48255,2462,1
48275,2464,1
48295,2464,1
48315,2463,1
48335,2474,1
48355,2468,1
48375,2466,1
48395,2470,1
48415,2459,1
48435,2465,1
48455,2465,1
48475,2462,1
48495,2471,1
48515,2463,1
48535,2468,1
48555,2466,1
48575,2461,1
48595,2470,1
48615,2462,1
48635,2465,1
48655,2462,1
48675,2462,1
48695,2467,1
48725,2465,1
48745,2466,1
48775,2468,1
48815,2464,1
48845,2463,1
48855,2463,1
48865,2470,1
48875,2469,1
48885,2462,1
48895,2461,1
48915,2464,1
48935,2461,1
48955,2475,1
48975,2465,1
48995,2468,1
49015,2462,1
49035,2465,1
49055,2475,1
49075,2471,1
49095,2462,1
49115,2470,1
49135,2479,1
49155,2464,1
49175,2467,1
49195,2464,1
49215,2461,1
49235,2463,1
49255,2464,1
49275,2450,1
49295,2468,1
49315,2461,1
49335,2467,1
49355,2471,1
49375,2461,1
49395,2463,1
49415,2455,1
49435,2469,1
49455,2457,1
49475,2464,1
49495,2320,1
49515,2464,1
49535,2458,1
49565,2460,1
49575,2465,1
49595,2463,1
49615,2460,1
49635,2464,1
49655,2463,1
49675,2459,1
49695,2466,1
49715,2459,1
49735,2461,1
49755,2465,1
49775,2460,1
49795,2467,1
49815,2446,1
49835,2465,1
49855,2465,1
49875,2282,1
49895,2463,1
49915,2462,1
49935,2483,1
49955,2463,1
49975,2475,1
49995,2464,1
50015,2464,1
50035,2554,1
50055,2467,1
50075,2459,1
50095,2463,1
50115,2467,1
50135,2463,1
50155,2464,1
50175,2461,1
50195,2462,1
50215,2464,1
50235,2453,1
50255,2461,1
50275,2465,1
50295,2449,1
50315,2462,1
50335,2469,1
50355,2462,1
50375,2483,1
50395,2464,1
50415,2466,1
50435,2464,1
50455,2465,1
50475,2448,1
50495,2470,1
50515,2462,1
50535,2460,1
50555,2476,1
50575,2479,1
50595,2461,1
50615,2463,1
50635,2468,1
50655,2459,1
50675,2463,1
50695,2469,1
50715,2464,1
50735,2463,1
50755,2458,1
50775,2465,1
50795,2464,1
50815,2465,1
50835,2459,1
50855,2464,1
50875,2462,1
50895,2498,1
50915,2461,1
50935,2452,1
50955,2299,1
50975,2463,1
50995,2462,1
51015,2459,1
51035,2467,1
51055,2462,1
51075,2467,1
51095,2470,1
51115,2464,1
51135,2463,1
51155,2495,1
51175,2459,1
51195,2476,1
51215,2476,1
51235,2463,1
51255,2466,1
51275,2461,1
51295,2462,1
51315,2471,1
51335,2469,1
51355,2453,1
51375,2463,1
51395,2463,1
51415,2464,1
51435,2479,1
51455,2463,1
51475,2465,1
51495,2467,1
51525,2464,1
51535,2474,1
51555,2466,1
51575,2467,1
51595,2465,1
51615,2463,1
51635,2464,1
51655,2467,1
51675,2465,1
51695,2461,1
51715,2468,1
51735,2461,1
51755,2455,1
51775,2478,1
51805,2464,1
51815,2466,1
51835,2470,1
51855,2463,1
51875,2469,1
51895,2464,1
51915,2470,1
51935,2463,1
51955,2467,1
51975,2468,1
51995,2468,1
52015,2461,1
52035,2479,1
52055,2288,1
52075,2463,1
52095,2458,1
52115,2464,1
52135,2463,1
52155,2464,1
52175,2469,1
52195,2470,1
52215,2474,1
52235,2464,1
52255,2464,1
52275,2469,1
52295,2466,1
52315,2465,1
52335,2464,1
52355,2459,1
52375,2461,1
52395,2467,1
52415,2465,1
52435,2463,1
52455,2469,1
52475,2464,1
52495,2462,1
52515,2465,1
52535,2443,1
52555,2467,1
52575,2448,1
52595,2463,1
52615,2467,1
52635,2467,1
52655,2466,1
52675,2509,1
52705,2448,1
52715,2463,1
52745,2467,1
52785,2466,1
52815,2469,1
52835,2461,1
52845,2463,1
52855,2471,1
52865,2461,1
52885,2461,1
52895,2465,1
52915,2458,1
52935,2465,1
52955,2461,1
52975,2452,1
52995,2464,1
53025,2457,1
53035,2463,1
53055,2468,1
53075,2462,1
53095,2467,1
53115,2463,1
53135,2466,1
53155,2478,1
53175,2459,1
53195,2464,1
53215,2464,1
53235,2459,1
53255,2469,1
53275,2462,1
53295,2466,1
53315,2467,1
53335,2458,1
53355,2272,1
53375,2454,1
53395,2455,1
53415,2465,1
53435,2461,1
53455,2463,1
53475,2464,1
53495,2466,1
53515,2465,1
53535,2511,1
53555,2453,1
53575,2457,1
53595,2465,1
53615,2466,1
53635,2470,1
53655,2461,1
53675,2474,1
53695,2463,1
53715,2462,1
53735,2467,1
53755,2465,1
53775,2459,1
53795,2462,1
53815,2466,1
53835,2279,1
53865,2460,1
53875,2465,1
53895,2469,1
53915,2464,1
53935,2466,1
53955,2437,1
53975,2467,1
53995,2465,1
54015,2463,1
54035,2422,1
54055,2458,1
54075,2462,1
54095,2466,1
54115,2467,1
54135,2462,1
54155,2469,1
54175,2469,1
54195,2469,1
54215,2463,1
54235,2461,1
54255,2465,1
54275,2505,1
54295,2473,1
54315,2467,1
54335,2459,1
54355,2469,1
54375,2465,1
54395,2467,1
54415,2458,1
54435,2463,1
54455,2465,1
54475,2448,1
54495,2456,1
54515,2461,1
54535,2466,1
54555,2474,1
54575,2466,1
54595,2455,1
54615,2465,1
54635,2465,1
54655,2451,1
54675,2459,1
54695,2444,1
54715,2467,1
54735,2465,1
54755,2460,1
54775,2469,1
54795,2468,1
54815,2469,1
54835,2465,1
54855,2469,1
54875,2467,1
54895,2468,1
54915,2471,1
54935,2460,1
54955,2463,1
54975,2463,1
54995,2470,1
55015,2471,1
55035,2461,1
55055,2462,1
55075,2470,1
55095,2467,1
55115,2462,1
55135,2469,1
55155,2467,1
55175,2461,1
55195,2466,1
55215,2464,1
55235,2466,1
55255,2464,1
55275,2463,1
55295,2464,1
55315,2467,1
55335,2464,1
55355,2465,1
55375,2463,1
55395,2466,1
55415,2469,1
55435,2466,1
55455,2469,1
55475,2458,1
55495,2461,1
55515,2473,1
55535,2463,1
55555,2458,1
55575,2467,1
55595,2464,1
55615,2469,1
55635,2468,1
55655,2463,1
55675,2466,1
55695,2464,1
55715,2467,1
55735,2464,1
55755,2462,1
55775,2470,1
55795,2464,1
55815,2467,1
55835,2467,1
55855,2466,1
55875,2468,1
55895,2463,1
55915,2463,1
55935,2463,1
55955,2459,1
55975,2466,1
55995,2474,1
56015,2466,1
56035,2464,1
56055,2463,1
56075,2469,1
56095,2466,1
56115,2460,1
56135,2461,1
56155,2464,1
56175,2468,1
56195,2463,1
56215,2466,1
56235,2448,1
56255,2468,1
56275,2465,1
56295,2468,1
56315,2458,1
56335,2469,1
56355,2468,1
56375,2465,1
56405,2467,1
56415,2451,1
56435,2464,1
56455,2461,1
56475,2467,1
56495,2466,1
56515,2463,1
56535,2471,1
56555,2467,1
56575,2461,1
56595,2464,1
56615,2461,1
56635,2479,1
56655,2466,1
56675,2414,1
56695,2317,1
56725,2471,1
56745,2463,1
56775,2465,1
56805,2464,1
56835,2465,1
56855,2463,1
56865,2465,1
56875,2464,1
56885,2469,1
56895,2450,1
56915,2474,1
56935,2459,1
56955,2469,1
56975,2463,1
56995,2462,1
57015,2470,1
57035,2465,1
57055,2466,1
57075,2466,1
57095,2461,1
57115,2465,1
57135,2293,1
57155,2469,1
57175,2311,1
57195,2467,1
57215,2465,1
57245,2464,1
57255,2471,1
57275,2464,1
57295,2467,1
57315,2464,1
57335,2465,1
57355,2487,1
57375,2459,1
57395,2469,1
57415,2467,1
57435,2442,1
57455,2458,1
57475,2467,1
57495,2465,1
57515,2464,1
57535,2462,1
57555,2463,1
57575,2462,1
57595,2462,1
57615,2475,1
57635,2480,1
57655,2468,1
57675,2465,1
57695,2454,1
57715,2464,1
57735,2285,1
57755,2463,1
57775,2462,1
57795,2465,1
57815,2467,1
57835,2467,1
57855,2465,1
57875,2463,1
57895,2465,1
57915,2469,1
57935,2461,1
57955,2468,1
57975,2450,1
57995,2470,1
58015,2461,1
58035,2457,1
58055,2459,1
58075,2459,1
58095,2462,1
58115,2462,1
58135,2459,1
58155,2458,1
58175,2464,1
58195,2470,1
58215,2449,1
58235,2463,1
58255,2463,1
58275,2462,1
58295,2459,1
58315,2484,1
58335,2379,1
58355,2300,1
58375,2461,1
58395,2466,1
58415,2466,1
58435,2470,1
58455,2463,1
58475,2459,1
58495,2462,1
58515,2463,1
58535,2463,1
58555,2474,1
58575,2473,1
58595,2462,1
58615,2461,1
58635,2466,1
58655,2463,1
58675,2459,1
58695,2474,1
58715,2471,1
58735,2290,1
58765,2453,1
58775,2469,1
58795,2459,1
58815,2462,1
58835,2480,1
58855,2459,1
58875,2471,1
58895,2463,1
58915,2464,1
58935,2467,1
58955,2497,1
58975,2466,1
58995,2467,1
59015,2453,1
59035,2464,1
59055,2465,1
59075,2457,1
59095,2474,1
59115,2465,1
59135,2462,1
59155,2471,1
59175,2461,1
59195,2467,1
59215,2466,1
59235,2466,1
59255,2467,1
59275,2462,1
59295,2459,1
59315,2466,1
59335,2467,1
59355,2461,1
59375,2450,1
59395,2473,1
59415,2458,1
59435,2466,1
59455,2445,1
59475,2465,1
59495,2468,1
59515,2429,1
59535,2461,1
59555,2462,1
59575,2407,1
59595,2468,1
59615,2465,1
59635,2285,1
59655,2462,1
59675,2463,1
59695,2463,1
59715,2471,1
59735,2463,1
59755,2464,1
59775,2464,1
59795,2463,1
59815,2468,1
59835,2467,1
59855,2466,1
59875,2469,1
59895,2458,1
59915,2465,1
59935,2449,1
59955,2463,1
59975,2466,1
59995,2465,1
60015,2475,1
60035,2465,1
60055,2462,1
60075,2459,1
60095,2473,1
60115,2467,1
60135,2463,1
60155,2471,1
60175,2462,1
60205,2461,1
60215,2463,1
60235,2410,1
60255,2464,1
60275,2289,1
60295,2462,1
60315,2462,1
60335,2474,1
60365,2468,1
60375,2462,1
60395,2462,1
60415,2467,1
60435,2461,1
60465,2465,1
60475,2467,1
60495,2462,1
60515,2503,1
60535,2465,1
60555,2477,1
60575,2467,1
60595,2465,1
60615,2461,1
60635,2466,1
60655,2463,1
60675,2470,1
60705,2470,1
60725,2495,1
60745,2455,1
60765,2469,1
60805,2459,1
60835,2459,1
60855,2459,1
60865,2462,1
60875,2465,1
60885,2431,1
60895,2470,1
60915,2464,1
60935,2506,1
60955,2467,1
60975,2464,1
60995,2461,1
61015,2465,1
61035,2465,1
61055,2503,1
61075,2464,1
61095,2474,1
61115,2469,1
61135,2469,1
61155,2471,1
61175,2452,1
61195,2465,1
61215,2461,1
61235,2463,1
61255,2475,1
61275,2465,1
61295,2474,1
61315,2469,1
61335,2466,1
61355,2455,1
61375,2467,1
61395,2459,1
61415,2463,1
61435,2463,1
61455,2465,1
61475,2469,1
61495,2463,1
61515,2470,1
61535,2465,1
61555,2467,1
61575,2464,1
61595,2481,1
61615,2466,1
61635,2477,1
61655,2470,1
61675,2468,1
61695,2463,1
61715,2455,1
61735,2463,1
61755,2469,1
61775,2461,1
61795,2460,1
61815,2468,1
61835,2465,1
61855,2466,1
61875,2463,1
61895,2467,1
61915,2461,1
61935,2408,1
61955,2399,1
61975,2470,1
61995,2465,1
62015,2521,1
62035,2465,1
62055,2473,1
62075,2463,1
62095,2465,1
62115,2464,1
62135,2467,1
62155,2478,1
62175,2467,1
62195,2463,1
62215,2467,1
62235,2459,1
62255,2462,1
62275,2461,1
62295,2473,1
62315,2458,1
62335,2463,1
62355,2464,1
62375,2466,1
62395,2461,1
62415,2458,1
62435,2460,1
62455,2465,1
62475,2466,1
62495,2466,1
62515,2463,1
62535,2467,1
62555,2459,1
62575,2464,1
62595,2469,1
62615,2460,1
62635,2480,1
62655,2469,1
62675,2462,1
62695,2463,1
62715,2463,1
62735,2464,1
62755,2464,1
62775,2464,1
62795,2466,1
62815,2462,1
62835,2462,1
62855,2463,1
62875,2462,1
62895,2473,1
62915,2471,1
62935,2473,1
62955,2470,1
62975,2467,1
62995,2465,1
63015,2466,1
63035,2462,1
63055,2473,1
63075,2465,1
63095,2467,1
63115,2457,1
63135,2466,1
63155,2462,1
63175,2465,1
63195,2474,1
63215,2279,1
63235,2490,1
63255,2464,1
63275,2457,1
63295,2462,1
63315,2473,1
63335,2461,1
63355,2459,1
63375,2462,1
63395,2287,1
63415,2475,1
63435,2461,1
63455,2459,1
63475,2466,1
63495,2464,1
63515,2458,1
63535,2464,1
63555,2465,1
63575,2448,1
63595,2465,1
63615,2466,1
63635,2331,1
63655,2465,1
63675,2460,1
63695,2470,1
63715,2468,1
63735,2459,1
63755,2459,1
63775,2466,1
63795,2471,1
63825,2469,1
63835,2458,1
63855,2467,1
63875,2459,1
63895,2465,1
63915,2461,1
63935,2521,1
63955,2463,1
63975,2467,1
63995,2469,1
64015,2458,1
64035,2462,1
64055,2289,1
64075,2474,1
64095,2453,1
64115,2479,1
64135,2465,1
64155,2475,1
64175,2466,1
64195,2465,1
64215,2459,1
64235,2464,1
64255,2463,1
64275,2465,1
64295,2469,1
64315,2457,1
64335,2455,1
64355,2464,1
64375,2463,1
64395,2466,1
64415,2463,1
64435,2470,1
64455,2461,1
64475,2465,1
64495,2466,1
64515,2464,1
64535,2474,1
64555,2463,1
64575,2457,1
64595,2464,1
64615,2461,1
64635,2463,1
64655,2463,1
64675,2465,1
64695,2463,1
64725,2463,1
64745,2458,1
64775,2471,1
64805,2465,1
64835,2463,1
64855,2464,1
64865,2486,1
64875,2476,1
64885,2466,1
64895,2463,1
64915,2469,1
64935,2458,1
64955,2459,1
64975,2466,1
64995,2461,1
65015,2464,1
65035,2430,1
65055,2475,1
65075,2464,1
65095,2466,1
65115,2463,1
65135,2455,1
65155,2463,1
65175,2460,1
65195,2512,1
65215,2471,1
65235,2448,1
65255,2470,1
65275,2461,1
65295,2455,1
65315,2461,1
65335,2461,1
65355,2465,1
65375,2466,1
65395,2462,1
65415,2453,1
65435,2466,1
65455,2467,1
65475,2463,1
65495,2460,1
65515,2461,1
65535,2461,1
65555,2465,1
65575,2465,1
65595,2466,1
65615,2467,1
65635,2466,1
65655,2462,1
65675,2467,1
65695,2460,1
65715,2461,1
65735,2459,1
65755,2466,1
65775,2463,1
65795,2465,1
65815,2467,1
65835,2470,1
65855,2466,1
65875,2455,1
65895,2461,1
65915,2470,1
65935,2458,1
65955,2466,1
65975,2461,1
65995,2464,1
66015,2451,1
66035,2461,1
66055,2465,1
66075,2459,1
66095,2481,1
66115,2465,1
66135,2461,1
66155,2459,1
66175,2290,1
66195,2464,1
66215,2467,1
66235,2475,1
66255,2464,1
66275,2470,1
66295,2461,1
66315,2465,1
66335,2498,1
66355,2463,1
66375,2464,1
66395,2461,1
66415,2459,1
66435,2461,1
66455,2468,1
66475,2463,1
66495,2465,1
66515,2471,1
66535,2465,1
66555,2467,1
66575,2463,1
66595,2470,1
66615,2449,1
66635,2465,1
66655,2467,1
66675,2471,1
66695,2470,1
66715,2464,1
66735,2463,1
66755,2456,1
66775,2463,1
66795,2463,1
66815,2464,1
66835,2469,1
66855,2465,1
66875,2470,1
66895,2459,1
66915,2469,1
66935,2455,1
66955,2467,1
66975,2462,1
66995,2464,1
67015,2455,1
67035,2464,1
67055,2466,1
67085,2464,1
67095,2467,1
67115,2454,1
67135,2480,1
67155,2464,1
67175,2457,1
67195,2473,1
67215,2463,1
67235,2451,1
67255,2465,1
67275,2465,1
67305,2461,1
67315,2465,1
67335,2479,1
67355,2461,1
67375,2470,1
67395,2469,1
67415,2465,1
67435,2463,1
67455,2471,1
67475,2463,1
67505,2461,1
67515,2472,1
67535,2498,1
67555,2463,1
67575,2471,1
67595,2470,1
67615,2465,1
67635,2463,1
67655,2444,1
67675,2478,1
67695,2468,1
67715,2461,1
67735,2466,1
67755,2496,1
67775,2463,1
67795,2465,1
67815,2466,1
67835,2462,1
67855,2467,1
67875,2471,1
67895,2466,1
67915,2470,1
67935,2463,1
67955,2469,1
67975,2459,1
67995,2458,1
68015,2463,1
68035,2470,1
68055,2448,1
68075,2459,1
68095,2466,1
68115,2467,1
68135,2471,1
68155,2470,1
68175,2288,1
68195,2466,1
68215,2466,1
68235,2467,1
68255,2467,1
68275,2463,1
68295,2462,1
68315,2464,1
68335,2464,1
68355,2455,1
68375,2462,1
68395,2475,1
68415,2467,1
68435,2466,1
68455,2467,1
68475,2451,1
68495,2465,1
68515,2451,1
68535,2493,1
68555,2466,1
68575,2471,1
68595,2461,1
68615,2467,1
68635,2464,1
68655,2475,1
68675,2470,1
68695,2464,1
68715,2465,1
68745,2459,1
68775,2486,1
68805,2470,1
68835,2470,1
68845,2465,1
68855,2507,1
68865,2466,1
68875,2469,1
68895,2459,1
68915,2463,1
68935,2475,1
68955,2454,1
68975,2469,1
68995,2470,1
69015,2455,1
69035,2468,1
69055,2463,1
69075,2459,1
69095,2465,1
69115,2462,1
69135,2466,1
69155,2462,1
69175,2463,1
69195,2465,1
69215,2461,1
69235,2458,1
69255,2473,1
69275,2462,1
69295,2458,1
69315,2464,1
69335,2466,1
69355,2466,1
69375,2463,1
69395,2457,1
69415,2461,1
69435,2467,1
69455,2461,1
69475,2463,1
69495,2526,1
69515,2467,1
69535,2467,1
69555,2448,1
69575,2461,1
69595,2464,1
69615,2464,1
69635,2466,1
69655,2467,1
69675,2466,1
69695,2447,1
69715,2464,1
69735,2459,1
69755,2464,1
69775,2463,1
69795,2463,1
69815,2461,1
69835,2469,1
69865,2465,1
69875,2454,1
69895,2467,1
69915,2443,1
69935,2455,1
69955,2470,1
69975,2470,1
69995,2463,1
70015,2466,1
70035,2470,1
70055,2474,1
70075,2465,1
70095,2459,1
70115,2462,1
70135,2455,1
70155,2459,1
70175,2467,1
70195,2463,1
70215,2459,1
70235,2464,1
70255,2464,1
70275,2462,1
70295,2462,1
70315,2464,1
70335,2464,1
70355,2475,1
70375,2435,1
70395,2470,1
70415,2460,1
70435,2479,1
70455,2471,1
70475,2529,1
70495,2461,1
70515,2459,1
70535,2465,1
70555,2461,1
70575,2459,1
70595,2471,1
70615,2462,1
70635,2459,1
70655,2466,1
70675,2467,1
70695,2468,1
70715,2467,1
70735,2463,1
70755,2467,1
70775,2443,1
70795,2463,1
70815,2457,1
70835,2465,1
70855,2465,1
70875,2465,1
70895,2450,1
70915,2465,1
70935,2462,1
70955,2462,1
70975,2465,1
70995,2467,1
71015,2463,1
71035,2455,1
71055,2469,1
71075,2465,1
71095,2465,1
71115,2461,1
71135,2480,1
71155,2463,1
71175,2466,1
71195,2463,1
71215,2466,1
71235,2450,1
71255,2463,1
71275,2462,1
71295,2469,1
71315,2463,1
71335,2463,1
71355,2459,1
71375,2480,1
71395,2464,1
71415,2465,1
71435,2469,1
71455,2451,1
71475,2466,1
71495,2451,1
71515,2460,1
71535,2462,1
71555,2450,1
71575,2467,1
71595,2451,1
71615,2467,1
71635,2465,1
71655,2439,1
71675,2461,1
71695,2469,1
71715,2459,1
71735,2466,1
71755,2454,1
71775,2471,1
71795,2470,1
71815,2463,1
71835,2464,1
71855,2464,1
71875,2477,1
71895,2463,1
71915,2465,1
71935,2465,1
71955,2448,1
71975,2466,1
71995,2463,1
72025,2463,1
72035,2469,1
72055,2478,1
72075,2462,1
72095,2464,1
72115,2464,1
72135,2467,1
72155,2459,1
72175,2469,1
72195,2270,1
72215,2465,1
72235,2458,1
72255,2463,1
72275,2467,1
72295,2467,1
72315,2465,1
72335,2487,1
72355,2459,1
72375,2460,1
72395,2466,1
72415,2459,1
72435,2464,1
72455,2463,1
72475,2466,1
72495,2468,1
72515,2459,1
72535,2457,1
72555,2464,1
72575,2469,1
72595,2466,1
72615,2463,1
72635,2473,1
72655,2473,1
72675,2462,1
72695,2466,1
72715,2468,1
72745,2468,1
72775,2462,1
72805,2459,1
72835,2460,1
72845,2458,1
72855,2466,1
72865,2467,1
72875,2461,1
72905,2467,1
72915,2480,1
72935,2464,1
72955,2466,1
72975,2465,1
72995,2467,1
73015,2463,1
73035,2465,1
73055,2464,1
73085,2469,1
73095,2454,1
73115,2462,1
73135,2465,1
73155,2469,1
73175,2459,1
73195,2467,1
73215,2464,1
73235,2282,1
73255,2467,1
73275,2471,1
73295,2468,1
73315,2467,1
73335,2457,1
73355,2467,1
73375,2454,1
73395,2466,1
73415,2460,1
73435,2320,1
73455,2464,1
73475,2461,1
73495,2462,1
73515,2467,1
73535,2473,1
73555,2471,1
73575,2463,1
73595,2466,1
73615,2466,1
73635,2463,1
73655,2448,1
73675,2464,1
73695,2460,1
73715,2467,1
73735,2470,1
73755,2465,1
73775,2469,1
73795,2455,1
73815,2467,1
73835,2461,1
73855,2465,1
73875,2459,1
73895,2465,1
73915,2463,1
73935,2480,1
73955,2463,1
73975,2467,1
73995,2517,1
74015,2470,1
74035,2466,1
74055,2463,1
74075,2467,1
74095,2465,1
74115,2479,1
74135,2464,1
74155,2461,1
74175,2469,1
74195,2286,1
74215,2458,1
74235,2462,1
74255,2471,1
74275,2460,1
74295,2462,1
74315,2461,1
74335,2470,1
74355,2463,1
74375,2464,1
74395,2465,1
74415,2459,1
74435,2270,1
74455,2463,1
74475,2467,1
74495,2461,1
74515,2459,1
74535,2464,1
74555,2473,1
74575,2464,1
74595,2469,1
74615,2465,1
74635,2461,1
74655,2458,1
74675,2471,1
74695,2467,1
74715,2462,1
74735,2464,1
74755,2467,1
74775,2465,1
74795,2461,1
74815,2466,1
74835,2463,1
74855,2465,1
74875,2463,1
74895,2461,1
74915,2466,1
74935,2287,1
74955,2465,1
74975,2466,1
74995,2467,1
75015,2464,1
75035,2481,1
75055,2465,1
75075,2471,1
75095,2459,1
75115,2462,1
75135,2448,1
75155,2467,1
75175,2506,1
75195,2463,1
75215,2457,1
75235,2454,1
75255,2461,1
75275,2465,1
75295,2466,1
75315,2460,1
75335,2466,1
75355,2466,1
75375,2465,1
75395,2473,1
75415,2465,1
75435,2470,1
75455,2465,1
75475,2453,1
75495,2464,1
75515,2464,1
75535,2555,1
75555,2462,1
75575,2467,1
75595,2465,1
75615,2463,1
75635,2461,1
75655,2466,1
75675,2448,1
75695,2465,1
75715,2465,1
75735,2465,1
75755,2463,1
75775,2460,1
75795,2467,1
75815,2471,1
75835,2465,1
75855,2467,1
75875,2464,1
75895,2467,1
75915,2453,1
75935,2493,1
75955,2468,1
75975,2461,1
75995,2484,1
76015,2416,1
76035,2463,1
76065,2465,1
76075,2467,1
76095,2464,1
76115,2459,1
76135,2474,1
76155,2469,1
76175,2479,1
76195,2474,1
76225,2465,1
76235,2463,1
76255,2465,1
76275,2459,1
76295,2465,1
76315,2466,1
76335,2461,1
76355,2466,1
76375,2463,1
76405,2467,1
76415,2372,1
76435,2471,1
76455,2469,1
76475,2465,1
76495,2463,1
76515,2465,1
76535,2463,1
76555,2460,1
76575,2457,1
76595,2463,1
76615,2473,1
76635,2463,1
76655,2471,1
76675,2459,1
76695,2352,1
76725,2471,1
76765,2463,1
76785,2464,1
76815,2462,1
76825,2466,1
76835,2467,1
76845,2469,1
76865,2467,1
76885,2463,1
76895,2466,1
76915,2463,1
76935,2462,1
76955,2469,1
76975,2462,1
76995,2461,1
77015,2463,1
77035,2473,1
77055,2467,1
77075,2470,1
77095,2464,1
77115,2467,1
77135,2466,1
77155,2320,1
77175,2463,1
77195,2467,1
77215,2465,1
77235,2455,1
77255,2468,1
77275,2464,1
77295,2463,1
77315,2465,1
77335,2455,1
77355,2463,1
77375,2464,1
77395,2463,1
77415,2473,1
77435,2467,1
77455,2455,1
77475,2459,1
77495,2453,1
77515,2461,1
77535,2461,1
77555,2476,1
77575,2471,1
77595,2465,1
77615,2470,1
77635,2456,1
77655,2466,1
77675,2466,1
77695,2466,1
77715,2462,1
77735,2473,1
77755,2284,1
77775,2465,1
77795,2467,1
77815,2459,1
77835,2465,1
77855,2475,1
77875,2463,1
77895,2466,1
77915,2469,1
77935,2463,1
77955,2459,1
77975,2464,1
77995,2466,1
78015,2469,1
78035,2466,1
78065,2470,1
78075,2471,1
78095,2467,1
78115,2466,1
78135,2470,1
78155,2466,1
78175,2462,1
78195,2454,1
78215,2463,1
78235,2466,1
78255,2467,1
78275,2477,1
78295,2465,1
78315,2467,1
78335,2505,1
78355,2459,1
78375,2462,1
78395,2466,1
78415,2505,1
78435,2473,1
78455,2470,1
78475,2461,1
78495,2466,1
78515,2468,1
78535,2447,1
78555,2465,1
78575,2496,1
78595,2469,1
78615,2467,1
78635,2461,1
78655,2463,1
78675,2490,1
78695,2470,1
78715,2471,1
78735,2466,1
78755,2465,1
78775,2451,1
78795,2466,1
78815,2473,1
78835,2463,1
78855,2451,1
78875,2466,1
78895,2290,1
78915,2466,1
78935,2459,1
78955,2469,1
78975,2461,1
78995,2451,1
79015,2467,1
79035,2466,1
79055,2474,1
79075,2464,1
79095,2470,1
79115,2463,1
79135,2474,1
79155,2463,1
79175,2459,1
79195,2466,1
79215,2464,1
79235,2459,1
79255,2463,1
79275,2466,1
79295,2463,1
79315,2465,1
79335,2468,1
79355,2462,1
79375,2438,1
79395,2494,1
79415,2467,1
79435,2463,1
79455,2465,1
79475,2470,1
79495,2471,1
79515,2463,1
79535,2465,1
79555,2469,1
79575,2463,1
79595,2471,1
79615,2469,1
79635,2467,1
79655,2464,1
79675,2289,1
79695,2448,1
79715,2459,1
79735,2463,1
79755,2463,1
79775,2465,1
79795,2461,1
79815,2469,1
79835,2471,1
79855,2471,1
79875,2463,1
79895,2474,1
79915,2461,1
79935,2466,1
79955,2470,1
79975,2462,1
79995,2466,1
80015,2463,1
80035,2469,1
80055,2465,1
80075,2470,1
80095,2464,1
80115,2461,1
80135,2465,1
80155,2288,1
80175,2317,1
80195,2449,1
80215,2468,1
80235,2466,1
80255,2463,1
80275,2473,1
80295,2463,1
80315,2463,1
80335,2464,1
80355,2459,1
80375,2462,1
80395,2471,1
80415,2463,1
80435,2499,1
80455,2462,1
80475,2471,1
80495,2473,1
80515,2455,1
80535,2463,1
80555,2480,1
80575,2462,1
80595,2459,1
80615,2467,1
80635,2469,1
80655,2467,1
80675,2462,1
80695,2357,1
80725,2463,1
80745,2465,1
80765,2460,1
80795,2454,1
80835,2465,1
80855,2466,1
80865,2467,1
80875,2465,1
80885,2463,1
80895,2463,1
80915,2470,1
80935,2457,1
80955,2474,1
80975,2461,1
80995,2466,1
81015,2469,1
81035,2461,1
81055,2467,1
81075,2460,1
81095,2465,1
81115,2461,1
81135,2448,1
81155,2453,1
81175,2461,1
81195,2480,1
81215,2491,1
81235,2475,1
81255,2462,1
81275,2467,1
81295,2463,1
81315,2461,1
81335,2498,1
81355,2465,1
81375,2467,1
81395,2471,1
81415,2445,1
81435,2457,1
81455,2465,1
81475,2467,1
81495,2463,1
81515,2450,1
81535,2465,1
81555,2473,1
81575,2467,1
81595,2469,1
81615,2467,1
81635,2463,1
81655,2463,1
81675,2469,1
81695,2435,1
81725,2467,1
81735,2468,1
81755,2460,1
81775,2462,1
81795,2459,1
81825,2463,1
81835,2442,1
81855,2470,1
81875,2461,1
81895,2468,1
81915,2461,1
81935,2459,1
81955,2466,1
81975,2462,1
81995,2480,1
82015,2465,1
82035,2465,1
82055,2459,1
82075,2466,1
82095,2474,1
82115,2465,1
82135,2471,1
82155,2462,1
82175,2466,1
82195,2462,1
82215,2464,1
82235,2449,1
82255,2465,1
82275,2470,1
82295,2467,1
82315,2466,1
82335,2458,1
82355,2462,1
82375,2458,1
82395,2475,1
82415,2461,1
82435,2467,1
82455,2467,1
82475,2463,1
82495,2288,1
82515,2469,1
82535,2467,1
82555,2464,1
82575,2463,1
82595,2461,1
82615,2455,1
82635,2458,1
82655,2298,1
82675,2469,1
82695,2463,1
82715,2462,1
82735,2459,1
82755,2462,1
82775,2464,1
82795,2474,1
82815,2466,1
82835,2464,1
82855,2462,1
82875,2471,1
82895,2465,1
82915,2462,1
82935,2464,1
82955,2462,1
82975,2465,1
82995,2470,1
83015,2463,1
83035,2477,1
83055,2459,1
83075,2464,1
83095,2466,1
83115,2474,1
83135,2462,1
83155,2413,1
83175,2459,1
83195,2471,1
83215,2471,1
83245,2466,1
83255,2464,1
83275,2464,1
83295,2459,1
83315,2467,1
83335,2455,1
83355,2462,1
83375,2483,1
83395,2459,1
83415,2462,1
83435,2464,1
83455,2463,1
83475,2459,1
83495,2469,1
83515,2475,1
83535,2464,1
83565,2469,1
83575,2460,1
83595,2469,1
83615,2463,1
83635,2457,1
83655,2465,1
83675,2471,1
83695,2465,1
83715,2458,1
83735,2463,1
83755,2442,1
83775,2463,1
83795,2470,1
83815,2469,1
83835,2460,1
83855,2462,1
83875,2455,1
83895,2455,1
83915,2466,1
83935,2471,1
83955,2467,1
83975,2474,1
83995,2467,1
84015,2470,1
84035,2461,1
84055,2463,1
84075,2465,1
84095,2465,1
84115,2466,1
84135,2467,1
84155,2459,1
84175,2465,1
84195,2459,1
84215,2466,1
84235,2465,1
84255,2467,1
84275,2465,1
84295,2467,1
84315,2463,1
84335,2475,1
84355,2465,1
84375,2463,1
84395,2466,1
84415,2456,1
84435,2461,1
84455,2459,1
84475,2429,1
84495,2432,1
84515,2471,1
84535,2462,1
84555,2297,1
84575,2458,1
84595,2467,1
84615,2473,1
84635,2463,1
84655,2474,1
84675,2450,1
84705,2448,1
84725,2450,1
84745,2480,1
84775,2467,1
84805,2463,1
84835,2463,1
84855,2459,1
84865,2464,1
84875,2464,1
84885,2418,1
84895,2466,1
84925,2468,1
84935,2469,1
84955,2463,1
84975,2467,1
84995,2467,1
85015,2469,1
85035,2463,1
85055,2467,1
85075,2467,1
85095,2463,1
85115,2491,1
85135,2458,1
85155,2463,1
85175,2465,1
85195,2458,1
85215,2471,1
85235,2500,1
85255,2461,1
85275,2465,1
85305,2352,1
85315,2451,1
85335,2497,1
85355,2470,1
85375,2463,1
85395,2467,1
85415,2462,1
85435,2468,1
85455,2462,1
85475,2467,1
85495,2471,1
85515,2466,1
85535,2474,1
85555,2461,1
85575,2459,1
85595,2464,1
85615,2466,1
85635,2449,1
85655,2462,1
85675,2468,1
85705,2461,1
85715,2461,1
85735,2464,1
85755,2471,1
85775,2467,1
85795,2458,1
85815,2479,1
85835,2469,1
85855,2461,1
85875,2455,1
85895,2467,1
85915,2464,1
85935,2467,1
85955,2463,1
85975,2476,1
85995,2473,1
86015,2469,1
86035,2461,1
86055,2464,1
86075,2463,1
86095,2469,1
86115,2469,1
86135,2465,1
86155,2467,1
86175,2467,1
86195,2461,1
86225,2458,1
86235,2466,1
86255,2467,1
86275,2465,1
86295,2462,1
86315,2461,1
86335,2470,1
86355,2469,1
86375,2437,1
86395,2471,1
86415,2464,1
86435,2461,1
86455,2471,1
86475,2467,1
86495,2432,1
86515,2477,1
86535,2463,1
86555,2469,1
86575,2465,1
86595,2467,1
86615,2475,1
86635,2469,1
86655,2466,1
86675,2465,1
86695,2467,1
86715,2460,1
86735,2464,1
86755,2470,1
86775,2477,1
86795,2468,1
86815,2465,1
86835,2469,1
86855,2471,1
86875,2463,1
86895,2465,1
86915,2469,1
86935,2459,1
86955,2469,1
86975,2466,1
86995,2467,1
87015,2469,1
87035,2458,1
87055,2467,1
87075,2467,1
87095,2462,1
87115,2455,1
87135,2465,1
87155,2464,1
87175,2480,1
87195,2461,1
87215,2466,1
87235,2475,1
87255,2464,1
87275,2454,1
87295,2466,1
87315,2462,1
87335,2443,1
87355,2467,1
87375,2453,1
87395,2467,1
87415,2479,1
87435,2463,1
87455,2423,1
87475,2470,1
87495,2462,1
87515,2339,1
87535,2462,1
87555,2447,1
87575,2461,1
87595,2446,1
87615,2457,1
87635,2480,1
87655,2464,1
87675,2460,1
87695,2466,1
87715,2467,1
87735,2461,1
87755,2466,1
87775,2469,1
87795,2467,1
87815,2455,1
87835,2471,1
87855,2465,1
87875,2463,1
87895,2453,1
87915,2461,1
87935,2470,1
87955,2467,1
87975,2467,1
87995,2461,1
88015,2469,1
88035,2480,1
88055,2459,1
88075,2467,1
88095,2463,1
88115,2459,1
88135,2464,1
88155,2461,1
88175,2463,1
88195,2470,1
88215,2463,1
88235,2461,1
88255,2459,1
88275,2455,1
88295,2463,1
88315,2462,1
88335,2460,1
88355,2455,1
88375,2475,1
88395,2464,1
88415,2459,1
88435,2476,1
88465,2463,1
88475,2466,1
88495,2465,1
88515,2463,1
88535,2469,1
88555,2470,1
88575,2469,1
88595,2462,1
88615,2490,1
88635,2459,1
88655,2458,1
88675,2277,1
88695,2465,1
88725,2459,1
88735,2461,1
88765,2471,1
88795,2482,1
88835,2469,1
88855,2470,1
88865,2464,1
88875,2466,1
88885,2463,1
88905,2455,1
88915,2461,1
88935,2462,1
88955,2461,1
88975,2461,1
88995,2448,1
89015,2461,1
89035,2464,1
89055,2463,1
89075,2438,1
89095,2463,1
89115,2460,1
89135,2479,1
89155,2466,1
89175,2499,1
89195,2458,1
89225,2458,1
89235,2469,1
89255,2462,1
89275,2459,1
89295,2465,1
89315,2433,1
89335,2462,1
89355,2462,1
89375,2467,1
89395,2466,1
89415,2454,1
89435,2460,1
89455,2469,1
89475,2279,1
89495,2466,1
89515,2466,1
89535,2510,1
89555,2480,1
89575,2470,1
89595,2503,1
89615,2460,1
89635,2467,1
89655,2468,1
89675,2328,1
89695,2478,1
89715,2471,1
89735,2450,1
89755,2463,1
89775,2471,1
89795,2463,1
89815,2405,1
89835,2458,1
89855,2461,1
89875,2461,1
89895,2480,1
89915,2466,1
89935,2469,1
89955,2467,1
89975,2469,1
89995,2459,1
90015,2470,1
90035,2460,1
90055,2462,1
90075,2463,1
90095,2465,1
90115,2460,1
90135,2469,1
90155,2467,1
90175,2517,1
90195,2462,1
90215,2301,1
90235,2437,1
90255,2465,1
90275,2469,1
90295,2464,1
90315,2470,1
90335,2465,1
90355,2462,1
90375,2463,1
90395,2470,1
90415,2471,1
90435,2477,1
90455,2461,1
90475,2470,1
90495,2466,1
90515,2468,1
90535,2462,1
90555,2459,1
90575,2464,1
90595,2288,1
90615,2465,1
90635,2464,1
90655,2464,1
90675,2457,1
90695,2468,1
90715,2463,1
90735,2461,1
90755,2463,1
90775,2473,1
90795,2461,1
90815,2463,1
90835,2462,1
90855,2468,1
90875,2461,1
90895,2289,1
90915,2459,1
90935,2459,1
90955,2462,1
90975,2461,1
90995,2466,1
91015,2451,1
91035,2460,1
91055,2466,1
91075,2471,1
91095,2466,1
91115,2472,1
91135,2462,1
91155,2472,1
91175,2461,1
91195,2465,1
91215,2466,1
91235,2461,1
91255,2463,1
91275,2464,1
91295,2464,1
91315,2463,1
91335,2462,1
91355,2459,1
91375,2471,1
91395,2469,1
91415,2461,1
91435,2465,1
91455,2465,1
91475,2456,1
91495,2457,1
91515,2453,1
91535,2475,1
91555,2463,1
91575,2467,1
91595,2288,1
91615,2467,1
91635,2458,1
91655,2464,1
91675,2463,1
91695,2426,1
91715,2513,1
91735,2468,1
91755,2459,1
91775,2465,1
91805,2470,1
91815,2477,1
91835,2465,1
91855,2468,1
91875,2471,1
91895,2466,1
91915,2431,1
91935,2467,1
91955,2471,1
91975,2463,1
91995,2466,1
92015,2480,1
92035,2467,1
92055,2485,1
92075,2465,1
92095,2467,1
92115,2458,1
92135,2479,1
92155,2461,1
92175,2473,1
92195,2465,1
92215,2451,1
92235,2461,1
92255,2467,1
92285,2470,1
92295,2461,1
92315,2463,1
92335,2466,1
92355,2466,1
92375,2442,1
92395,2469,1
92415,2480,1
92435,2465,1
92455,2465,1
92475,2466,1
92495,2467,1
92515,2471,1
92535,2465,1
92555,2473,1
92575,2458,1
92595,2464,1
92615,2485,1
92635,2454,1
92655,2463,1
92675,2466,1
92695,2464,1
92725,2470,1
92745,2460,1
92775,2471,1
92805,2463,1
92835,2477,1
92855,2469,1
92865,2466,1
92875,2458,1
92885,2467,1
92895,2467,1
92915,2466,1
92935,2463,1
92955,2464,1
92975,2464,1
92995,2474,1
93015,2462,1
93035,2462,1
93055,2467,1
93075,2465,1
93095,2468,1
93115,2465,1
93135,2413,1
93155,2467,1
93175,2467,1
93195,2469,1
93215,2453,1
93245,2463,1
93255,2460,1
93275,2465,1
93295,2465,1
93315,2459,1
93335,2465,1
93355,2466,1
93375,2457,1
93395,2465,1
93415,2461,1
93435,2463,1
93455,2465,1
93475,2460,1
93495,2460,1
93515,2475,1
93535,2469,1
93555,2466,1
93575,2466,1
93595,2464,1
93615,2461,1
93635,2466,1
93655,2470,1
93675,2463,1
93695,2466,1
93715,2463,1
93735,2459,1
93755,2468,1
93775,2466,1
93795,2463,1
93815,2457,1
93835,2464,1
93855,2467,1
93875,2467,1
93905,2475,1
93915,2461,1
93935,2462,1
93955,2462,1
93975,2469,1
93995,2461,1
94015,2451,1
94035,2462,1
94055,2454,1
94075,2484,1
94095,2464,1
94115,2462,1
94135,2464,1
94155,2466,1
94175,2463,1
94195,2459,1
94215,2463,1
94235,2464,1
94255,2448,1
94275,2463,1
94295,2448,1
94315,2465,1
94335,2467,1
94365,2466,1
94375,2470,1
94395,2509,1
94415,2467,1
94435,2474,1
94455,2472,1
94475,2480,1
94495,2467,1
94515,2461,1
94535,2463,1
94555,2469,1
94575,2465,1
94595,2469,1
94615,2465,1
94635,2464,1
94655,2470,1
94675,2468,1
94695,2464,1
94725,2463,1
94735,2470,1
94755,2467,1
94775,2448,1
94795,2465,1
94815,2451,1
94835,2467,1
94855,2466,1
94875,2455,1
94895,2460,1
94915,2467,1
94935,2455,1
94955,2463,1
94975,2464,1
94995,2462,1
95015,2465,1
95035,2471,1
95055,2453,1
95075,2469,1
95095,2463,1
95115,2467,1
95135,2467,1
95155,2480,1
95175,2464,1
95195,2467,1
95215,2466,1
95235,2465,1
95255,2439,1
95275,2463,1
95295,2467,1
95315,2469,1
95335,2465,1
95355,2476,1
95375,2462,1
95395,2465,1
95415,2462,1
95435,2467,1
95455,2466,1
95475,2471,1
95495,2289,1
95515,2466,1
95535,2469,1
95555,2464,1
95575,2464,1
95595,2516,1
95615,2295,1
95635,2490,1
95655,2470,1
95675,2465,1
95695,2459,1
95715,2470,1
95735,2464,1
95755,2464,1
95775,2471,1
95795,2475,1
95815,2467,1
95835,2470,1
95855,2467,1
95875,2457,1
95895,2512,1
95915,2474,1
95935,2461,1
95955,2471,1
95975,2464,1
95995,2463,1
96015,2467,1
96035,2474,1
96055,2469,1
96075,2461,1
96095,2470,1
96115,2477,1
96135,2476,1
96155,2463,1
96175,2461,1
96195,2454,1
96215,2462,1
96235,2470,1
96265,2460,1
96275,2469,1
96295,2459,1
96315,2467,1
96335,2465,1
96355,2474,1
96375,2462,1
96395,2463,1
96415,2464,1
96435,2466,1
96455,2438,1
96475,2465,1
96495,2475,1
96515,2461,1
96535,2471,1
96555,2467,1
96575,2462,1
96595,2466,1
96615,2466,1
96635,2465,1
96655,2473,1
96685,2470,1
96705,2469,1
96715,2470,1
96735,2459,1
96775,2463,1
96805,2467,1
96835,2467,1
96855,2465,1
96865,2465,1
96875,2470,1
96885,2466,1
96905,2464,1
96915,2469,1
96935,2466,1
96955,2470,1
96975,2471,1
96995,2468,1
97015,2473,1
97035,2465,1
97055,2471,1
97075,2467,1
97095,2467,1
97115,2470,1
97135,2478,1
97155,2471,1
97175,2468,1
97195,2464,1
97215,2469,1
97235,2467,1
97255,2466,1
97275,2464,1
97295,2470,1
97315,2474,1
97335,2468,1
97355,2458,1
97375,2450,1
97395,2461,1
97415,2465,1
97435,2482,1
97455,2461,1
97475,2467,1
97495,2461,1
97515,2464,1
97535,2467,1
97555,2466,1
97585,2473,1
97595,2451,1
97615,2463,1
97635,2463,1
97655,2463,1
97675,2394,1
97695,2282,1
97715,2469,1
97735,2466,1
97755,2465,1
97775,2471,1
97795,2468,1
97815,2468,1
97835,2474,1
97855,2469,1
97875,2461,1
97895,2473,1
97915,2462,1
97935,2471,1
97955,2461,1
97975,2459,1
98005,2471,1
98015,2461,1
98035,2465,1
98055,2465,1
98075,2467,1
98105,2462,1
98115,2467,1
98135,2464,1
98155,2466,1
98175,2515,1
98195,2465,1
98215,2465,1
98235,2467,1
98255,2466,1
98275,2461,1
98295,2459,1
98315,2507,1
98335,2464,1
98355,2464,1
98375,2469,1
98395,2478,1
98415,2463,1
98435,2479,1
98455,2464,1
98475,2466,1
98495,2502,1
98515,2468,1
98535,2463,1
98555,2461,1
98575,2467,1
98595,2461,1
98615,2459,1
98635,2474,1
98655,2465,1
98675,2467,1
98695,2469,1
98715,2454,1
98735,2448,1
98755,2467,1
98775,2478,1
98795,2469,1
98815,2461,1
98835,2480,1
98855,2469,1
98875,2467,1
98895,2467,1
98915,2465,1
98935,2467,1
98955,2462,1
98975,2455,1
98995,2469,1
99015,2470,1
99035,2478,1
99055,2465,1
99075,2463,1
99095,2462,1
99115,2475,1
99135,2467,1
99155,2481,1
99175,2460,1
99195,2466,1
99215,2435,1
99235,2459,1
99265,2465,1
99275,2471,1
99295,2464,1
99315,2467,1
99335,2460,1
99355,2463,1
99375,2463,1
99395,2469,1
99415,2462,1
99435,2463,1
99455,2469,1
99475,2464,1
99495,2465,1
99515,2465,1
99535,2507,1
99555,2470,1
99575,2466,1
99595,2458,1
99615,2467,1
99635,2466,1
99655,2470,1
99675,2289,1
99695,2475,1
99715,2475,1
99735,2465,1
99755,2451,1
99775,2463,1
99795,2480,1
99815,2467,1
99835,2464,1
99855,2462,1
99875,2469,1
99895,2460,1
99915,2495,1
99935,2473,1
99955,2462,1
99975,2463,1
99995,2466,1
100015,2453,1
100035,2465,1
100055,2466,1
100075,2458,1
100095,2464,1
100115,2466,1
100135,2469,1
100155,2444,1
100175,2468,1
100195,2474,1
100215,2286,1
100235,2469,1
100255,2331,1
100275,2479,1
100295,2467,1
100325,2469,1
100335,2462,1
100355,2465,1
100375,2466,1
100395,2463,1
100415,2460,1
100435,2494,1
100455,2465,1
100475,2463,1
100495,2466,1
100515,2471,1
100535,2463,1
100555,2459,1
100575,2470,1
100595,2464,1
100615,2464,1
100635,2463,1
100655,2445,1
100675,2480,1
100705,2465,1
100715,2465,1
100745,2465,1
100775,2466,1
100795,2464,1
100835,2467,1
100855,2475,1
100865,2478,1
100875,2462,1
100885,2481,1
100905,2464,1
100915,2471,1
100935,2473,1
100955,2462,1
100975,2469,1
100995,2464,1
101015,2463,1
101035,2463,1
101055,2466,1
101075,2422,1
101095,2465,1
101115,2458,1
101135,2465,1
101155,2471,1
101175,2468,1
101195,2466,1
101215,2465,1
101235,2469,1
101255,2461,1
101275,2473,1
101295,2467,1
101315,2461,1
101335,2471,1
101355,2495,1
101375,2470,1
101395,2477,1
101415,2463,1
101435,2467,1
101455,2465,1
101475,2435,1
101495,2465,1
101515,2464,1
101535,2466,1
101555,2470,1
101575,2465,1
101595,2462,1
101615,2464,1
101635,2467,1
101655,2465,1
101675,2462,1
101695,2470,1
101715,2445,1
101735,2466,1
101755,2467,1
101775,2466,1
101795,2459,1
101815,2469,1
101835,2466,1
101855,2462,1
101875,2477,1
101895,2470,1
101915,2475,1
101935,2460,1
101955,2473,1
101975,2470,1
101995,2463,1
102015,2477,1
102035,2460,1
102055,2470,1
102075,2454,1
102095,2457,1
102115,2469,1
102135,2465,1
102155,2501,1
102175,2305,1
102195,2468,1
102215,2459,1
102235,2461,1
102255,2452,1
102275,2469,1
102295,2469,1
102315,2468,1
102335,2466,1
102355,2472,1
102375,2464,1
102395,2471,1
102415,2461,1
102435,2463,1
102455,2475,1
102475,2438,1
102495,2477,1
102515,2483,1
102535,2469,1
102555,2463,1
102575,2474,1
102595,2480,1
102615,2288,1
102635,2470,1
102655,2464,1
102675,2476,1
102695,2464,1
102725,2466,1
102735,2462,1
102755,2463,1
102775,2471,1
102795,2465,1
102815,2463,1
102835,2467,1
102855,2467,1
102875,2463,1
102895,2469,1
102925,2470,1
102935,2469,1
102955,2460,1
102975,2471,1
102995,2463,1
103015,2465,1
103035,2454,1
103055,2463,1
103075,2457,1
103095,2469,1
103115,2466,1
103135,2458,1
103155,2462,1
103175,2463,1
103195,2411,1
103215,2471,1
103235,2463,1
103255,2469,1
103275,2469,1
103295,2465,1
103315,2461,1
103335,2451,1
103355,2465,1
103375,2466,1
103395,2466,1
103415,2483,1
103435,2473,1
103455,2467,1
103475,2464,1
103495,2465,1
103515,2469,1
103535,2467,1
103555,2416,1
103575,2465,1
103595,2464,1
103615,2469,1
103635,2473,1
103655,2462,1
103675,2464,1
103695,2458,1
103715,2442,1
103735,2474,1
103755,2469,1
103775,2454,1
103795,2473,1
103815,2419,1
103835,2464,1
103855,2461,1
103875,2475,1
103895,2459,1
103915,2485,1
103935,2459,1
103955,2463,1
103975,2462,1
103995,2291,1
104015,2467,1
104035,2469,1
104055,2466,1
104075,2464,1
104095,2491,1
104115,2465,1
104135,2468,1
104155,2469,1
104175,2471,1
104195,2467,1
104215,2463,1
104235,2463,1
104255,2468,1
104275,2461,1
104295,2470,1
104315,2467,1
104335,2462,1
104355,2474,1
104375,2471,1
104395,2435,1
104415,2470,1
104435,2465,1
104455,2474,1
104475,2471,1
104495,2470,1
104515,2461,1
104535,2471,1
104555,2461,1
104575,2465,1
104595,2459,1
104615,2469,1
104635,2464,1
104655,2467,1
104675,2470,1
104695,2475,1
104715,2482,1
104745,2474,1
104785,2474,1
104815,2463,1
104835,2450,1
104845,2463,1
104855,2473,1
104865,2467,1
104875,2462,1
104905,2462,1
104915,2458,1
104935,2522,1
104955,2463,1
104975,2466,1
104995,2449,1
105015,2470,1
105035,2463,1
105055,2467,1
105075,2467,1
105095,2470,1
105115,2466,1
105135,2466,1
105165,2466,1
105175,2467,1
105195,2463,1
105215,2449,1
105235,2469,1
105255,2481,1
105275,2471,1
105295,2471,1
105315,2469,1
105335,2473,1
105355,2468,1
105375,2465,1
105395,2469,1
105415,2475,1
105435,2460,1
105455,2463,1
105475,2469,1
105495,2461,1
105515,2469,1
105535,2465,1
105555,2464,1
105575,2462,1
105595,2480,1
105615,2425,1
105635,2466,1
105655,2465,1
105675,2455,1
105695,2465,1
105715,2427,1
105735,2462,1
105755,2470,1
105775,2466,1
105795,2463,1
105815,2435,1
105835,2448,1
105855,2471,1
105875,2465,1
105895,2293,1
105915,2459,1
105935,2462,1
105955,2461,1
105975,2469,1
105995,2459,1
106015,2469,1
106035,2464,1
106055,2471,1
106075,2467,1
106105,2473,1
106115,2462,1
106135,2469,1
106155,2467,1
106175,2470,1
106195,2464,1
106215,2470,1
106235,2463,1
106255,2469,1
106275,2454,1
106295,2463,1
106315,2467,1
106335,2465,1
106355,2471,1
106375,2467,1
106395,2462,1
106415,2463,1
106435,2464,1
106455,2462,1
106475,2465,1
106495,2465,1
106515,2481,1
106535,2464,1
106555,2470,1
106575,2460,1
106595,2469,1
106615,2469,1
106635,2475,1
106655,2468,1
106675,2463,1
106695,2473,1
106715,2462,1
106735,2481,1
106755,2466,1
106775,2466,1
106795,2465,1
106815,2454,1
106835,2477,1
106855,2520,1
106875,2455,1
106895,2465,1
106915,2463,1
106935,2465,1
106955,2464,1
106975,2465,1
106995,2449,1
107015,2469,1
107035,2466,1
107055,2482,1
107075,2463,1
107095,2455,1
107115,2473,1
107135,2466,1
107155,2464,1
107175,2462,1
107195,2473,1
107215,2462,1
107235,2464,1
107265,2479,1
107275,2470,1
107295,2476,1
107315,2469,1
107335,2473,1
107355,2288,1
107375,2466,1
107395,2458,1
107415,2461,1
107435,2462,1
107455,2466,1
107475,2469,1
107495,2467,1
107515,2459,1
107535,2464,1
107555,2468,1
107575,2467,1
107595,2466,1
107615,2481,1
107635,2467,1
107655,2469,1
107675,2457,1
107695,2470,1
107715,2474,1
107735,2295,1
107755,2473,1
107775,2465,1
107795,2467,1
107815,2463,1
107835,2291,1
107855,2465,1
107875,2468,1
107895,2466,1
107915,2464,1
107935,2473,1
107955,2469,1
107975,2466,1
107995,2470,1
108015,2470,1
108035,2460,1
108055,2437,1
108075,2465,1
108095,2464,1
108115,2467,1
108135,2477,1
108155,2462,1
108175,2466,1
108195,2469,1
108215,2461,1
108235,2465,1
108255,2410,1
108275,2470,1
108295,2515,1
108315,2465,1
108335,2463,1
108355,2469,1
108375,2470,1
108395,2467,1
108415,2477,1
108435,2468,1
108455,2462,1
108475,2465,1
108495,2463,1
108515,2463,1
108535,2457,1
108555,2465,1
108575,2461,1
108595,2467,1
108615,2464,1
108635,2467,1
108655,2465,1
108675,2468,1
108695,2462,1
108715,2437,1
108735,2291,1
108765,2463,1
108795,2466,1
108825,2455,1
108855,2460,1
108865,2463,1
108875,2467,1
108885,2465,1
108895,2464,1
108915,2464,1
108935,2460,1
108955,2471,1
108975,2480,1
108995,2463,1
109015,2473,1
109035,2466,1
109055,2473,1
109075,2463,1
109095,2466,1
109115,2469,1
109135,2458,1
109155,2426,1
109175,2407,1
109195,2475,1
109215,2467,1
109235,2459,1
109255,2459,1
109275,2464,1
109295,2470,1
109315,2469,1
109335,2462,1
109355,2446,1
109375,2457,1
109395,2471,1
109415,2288,1
109435,2463,1
109455,2465,1
109475,2468,1
109495,2470,1
109515,2465,1
109535,2462,1
109555,2469,1
109575,2463,1
109595,2473,1
109615,2466,1
109635,2456,1
109655,2459,1
109675,2469,1
109695,2464,1
109715,2462,1
109735,2465,1
109755,2461,1
109775,2467,1
109795,2470,1
109815,2467,1
109835,2465,1
109855,2468,1
109875,2464,1
109895,2467,1
109915,2469,1
109935,2465,1
109955,2462,1
109975,2466,1
109995,2471,1
110015,2463,1
110035,2462,1
110055,2458,1
110075,2463,1
110095,2461,1
110115,2469,1
110135,2465,1
110155,2470,1
110175,2467,1
110195,2461,1
110215,2473,1
110235,2467,1
110255,2480,1
110275,2465,1
110295,2459,1
110315,2461,1
110335,2460,1
110355,2463,1
110375,2355,1
110395,2465,1
110415,2466,1
110435,2466,1
110455,2461,1
110475,2467,1
110495,2453,1
110515,2470,1
110535,2469,1
110555,2460,1
110575,2417,1
110595,2448,1
110615,2465,1
110635,2467,1
110655,2466,1
110675,2449,1
110695,2460,1
110715,2469,1
110735,2462,1
110755,2462,1
110775,2466,1
110795,2469,1
110815,2467,1
110835,2471,1
110855,2459,1
110875,2471,1
110895,2462,1
110915,2464,1
110935,2455,1
110955,2462,1
110975,2466,1
110995,2466,1
111015,2470,1
111035,2469,1
111055,2450,1
111075,2466,1
111095,2465,1
111115,2453,1
111135,2460,1
111155,2458,1
111175,2463,1
111195,2464,1
111215,2467,1
111235,2459,1
111255,2467,1
111275,2465,1
111295,2470,1
111315,2461,1
111335,2461,1
111355,2461,1
111375,2463,1
111395,2435,1
111415,2465,1
111435,2470,1
111465,2460,1
111475,2461,1
111495,2462,1
111515,2463,1
111535,2482,1
111555,2471,1
111575,2473,1
111595,2470,1
111615,2465,1
111635,2482,1
111655,2285,1
111675,2462,1
111695,2470,1
111715,2478,1
111735,2467,1
111755,2295,1
111775,2459,1
111795,2463,1
111815,2465,1
111835,2461,1
111855,2455,1
111875,2470,1
111895,2475,1
111915,2464,1
111935,2469,1
111955,2517,1
111975,2464,1
111995,2461,1
112015,2473,1
112035,2464,1
112055,2469,1
112075,2469,1
112095,2474,1
112115,2466,1
112135,2468,1
112155,2458,1
112175,2459,1
112195,2462,1
112215,2461,1
112235,2454,1
112255,2294,1
112275,2464,1
112295,2463,1
112315,2465,1
112335,2468,1
112355,2463,1
112375,2466,1
112395,2467,1
112415,2462,1
112435,2454,1
112455,2459,1
112475,2461,1
112495,2477,1
112515,2464,1
112545,2461,1
112555,2475,1
112575,2455,1
112595,2461,1
112615,2464,1
112635,2462,1
112665,2462,1
112675,2455,1
112695,2464,1
112725,2466,1
112745,2451,1
112765,2478,1
112795,2467,1
112825,2465,1
112855,2468,1
112875,2467,1
112885,2470,1
112895,2461,1
112905,2463,1
112925,2480,1
112935,2462,1
112955,2458,1
112975,2474,1
112995,2464,1
113015,2473,1
113035,2469,1
113055,2467,1
113075,2469,1
113095,2463,1
113115,2461,1
113135,2461,1
113155,2430,1
113175,2467,1
113195,2465,1
113215,2471,1
113235,2469,1
113255,2452,1
113275,2463,1
113295,2461,1
113315,2463,1
113335,2483,1
113365,2471,1
113375,2465,1
113395,2465,1
113415,2457,1
113435,2462,1
113455,2464,1
113475,2463,1
113495,2470,1
113515,2469,1
113535,2466,1
113555,2464,1
113575,2463,1
113595,2463,1
113615,2480,1
113635,2462,1
113655,2462,1
113675,2470,1
113705,2467,1
113715,2466,1
113735,2295,1
113755,2466,1
113775,2297,1
113795,2470,1
113815,2468,1
113835,2462,1
113855,2475,1
113875,2462,1
113895,2512,1
113915,2461,1
113935,2463,1
113955,2463,1
113975,2470,1
113995,2461,1
114015,2469,1
114035,2461,1
114055,2480,1
114075,2471,1
114095,2463,1
114115,2479,1
114135,2469,1
114155,2465,1
114175,2463,1
114195,2471,1
114215,2463,1
114235,2484,1
114255,2463,1
114275,2466,1
114295,2465,1
114315,2467,1
114335,2455,1
114355,2467,1
114375,2462,1
114395,2471,1
114415,2455,1
114445,2466,1
114455,2465,1
114475,2353,1
114495,2469,1
114515,2475,1
114535,2463,1
114555,2470,1
114575,2460,1
114595,2467,1
114615,2466,1
114635,2464,1
114655,2470,1
114675,2474,1
114695,2463,1
114715,2482,1
114735,2465,1
114755,2493,1
114775,2467,1
114795,2468,1
114815,2475,1
114835,2448,1
114855,2461,1
114875,2465,1
114895,2460,1
114915,2466,1
114935,2451,1
114955,2471,1
114975,2474,1
114995,2466,1
115015,2469,1
115035,2464,1
115055,2468,1
115075,2469,1
115095,2464,1
115115,2462,1
115135,2463,1
115155,2465,1
115175,2463,1
115195,2467,1
115215,2469,1
115235,2448,1
115255,2453,1
115275,2465,1
115295,2466,1
115315,2466,1
115335,2459,1
115355,2464,1
115375,2467,1
115395,2467,1
115415,2471,1
115435,2474,1
115455,2474,1
115475,2416,1
115495,2463,1
115515,2470,1
115535,2459,1
115555,2462,1
115575,2469,1
115595,2462,1
115615,2471,1
115635,2471,1
115655,2469,1
115675,2469,1
115705,2466,1
115715,2479,1
115735,2467,1
115755,2467,1
115775,2469,1
115795,2467,1
115815,2467,1
115835,2467,1
115855,2468,1
115875,2460,1
115895,2465,1
115915,2463,1
115935,2471,1
115955,2461,1
115975,2466,1
115995,2471,1
116015,2467,1
116035,2469,1
116055,2466,1
116075,2461,1
116095,2465,1
116115,2467,1
116135,2471,1
116155,2467,1
116175,2465,1
116195,2466,1
116215,2468,1
116235,2475,1
116255,2467,1
116275,2469,1
116295,2463,1
116315,2467,1
116335,2477,1
116355,2459,1
116375,2524,1
116405,2474,1
116415,2474,1
116435,2462,1
116455,2467,1
116475,2463,1
116495,2463,1
116515,2465,1
116535,2466,1
116555,2466,1
116575,2414,1
116595,2462,1
116615,2466,1
116635,2459,1
116655,2463,1
116675,2464,1
116695,2467,1
116715,2467,1
116755,2450,1
116775,2463,1
116795,2463,1
116815,2470,1
116855,2459,1
116875,2457,1
116885,2463,1
116895,2465,1
116905,2465,1
116925,2467,1
116935,2462,1
116955,2462,1
116975,2469,1
116995,2470,1
117015,2470,1
117035,2474,1
117055,2465,1
117075,2465,1
117095,2474,1
117115,2470,1
117135,2465,1
117155,2474,1
117175,2475,1
117195,2469,1
117215,2468,1
117235,2465,1
117255,2472,1
117275,2471,1
117295,2464,1
117315,2465,1
117335,2470,1
117355,2465,1
117375,2471,1
117395,2441,1
117415,2463,1
117435,2462,1
117455,2467,1
117475,2471,1
117495,2468,1
117515,2471,1
117535,2464,1
117555,2470,1
117575,2470,1
117595,2507,1
117615,2465,1
117635,2418,1
117655,2462,1
117675,2466,1
117695,2469,1
117715,2464,1
117735,2508,1
117755,2459,1
117775,2475,1
117795,2467,1
117815,2469,1
117835,2462,1
117855,2468,1
117875,2468,1
117895,2463,1
117915,2459,1
117935,2479,1
117955,2457,1
117975,2462,1
117995,2465,1
118015,2463,1
118035,2461,1
118055,2469,1
118075,2461,1
118095,2464,1
118115,2467,1
118135,2464,1
118155,2462,1
118185,2459,1
118195,2465,1
118215,2478,1
118245,2458,1
118255,2470,1
118275,2465,1
118295,2450,1
118315,2480,1
118335,2465,1
118355,2432,1
118375,2460,1
118395,2469,1
118415,2466,1
118435,2473,1
118455,2476,1
118475,2458,1
118495,2468,1
118515,2466,1
118535,2464,1
118555,2460,1
118575,2544,1
118595,2467,1
118615,2464,1
118635,2469,1
118655,2465,1
118675,2472,1
118695,2463,1
118715,2463,1
118735,2467,1
118755,2462,1
118775,2459,1
118795,2465,1
118815,2463,1
118835,2469,1
118865,2466,1
118875,2465,1
118895,2461,1
118915,2473,1
118935,2465,1
118955,2463,1
118975,2463,1
118995,2468,1
119015,2460,1
119035,2469,1
119055,2467,1
119075,2468,1
119095,2464,1
119115,2465,1
119135,2461,1
119155,2463,1
119175,2468,1
119195,2496,1
119215,2470,1
119235,2461,1
119255,2466,1
119275,2465,1
119295,2469,1
119315,2465,1
119335,2466,1
119355,2401,1
119375,2465,1
119395,2463,1
119415,2463,1
119435,2469,1
119455,2469,1
119475,2462,1
119495,2474,1
119515,2463,1
119535,2466,1
119555,2474,1
119575,2462,1
119595,2478,1
119615,2495,1
119635,2454,1
119655,2465,1
119675,2463,1
119695,2465,1
119715,2463,1
119735,2464,1
119755,2466,1
119775,2463,1
119795,2464,1
119815,2471,1
119835,2480,1
119855,2464,1
119875,2469,1
119905,2463,1
119915,2463,1
119935,2450,1
119955,2475,1
119975,2463,1
119995,2467,1
120015,2465,1
120035,2470,1
120055,2461,1
120075,2464,1
120095,2464,1
120115,2466,1
120135,2458,1
120155,2518,1
120175,2467,1
120195,2458,1
120215,2463,1
120235,2458,1
120255,2461,1
120275,2468,1
120295,2458,1
120315,2465,1
120335,2304,1
120355,2467,1
120375,2468,1
120395,2464,1
120415,2463,1
120435,2471,1
120455,2464,1
120475,2467,1
120495,2461,1
120515,2465,1
120535,2462,1
120555,2464,1
120575,2459,1
120595,2463,1
120615,2496,1
120635,2463,1
120655,2470,1
120685,2463,1
120695,2463,1
120715,2466,1
120745,2459,1
120785,2467,1
120805,2462,1
120835,2462,1
120855,2475,1
120865,2454,1
120875,2465,1
120885,2466,1
120895,2467,1
120915,2465,1
120935,2467,1
120955,2465,1
120975,2468,1
120995,2463,1
121015,2469,1
121035,2455,1
121055,2461,1
121075,2466,1
121095,2467,1
121115,2463,1
121135,2463,1
121155,2468,1
121175,2467,1
121195,2465,1
121215,2443,1
121235,2462,1
121255,2476,1
121275,2466,1
121295,2467,1
121315,2465,1
121335,2465,1
121355,2463,1
121375,2459,1
121395,2463,1
121415,2471,1
121435,2469,1
121455,2466,1
121475,2466,1
121495,2465,1
121515,2465,1
121535,2467,1
121555,2473,1
121575,2458,1
121595,2469,1
121615,2463,1
121635,2465,1
121655,2462,1
121675,2466,1
121695,2473,1
121715,2470,1
121735,2468,1
121755,2466,1
121775,2471,1
121795,2465,1
121815,2482,1
121835,2464,1
121855,2457,1
121875,2469,1
121895,2464,1
121915,2465,1
121935,2469,1
121965,2471,1
121975,2467,1
121995,2473,1
122015,2470,1
122035,2465,1
122055,2497,1
122075,2464,1
122095,2467,1
122115,2451,1
122135,2463,1
122155,2474,1
122175,2463,1
122195,2467,1
122215,2471,1
122235,2464,1
122255,2469,1
122275,2466,1
122295,2459,1
122315,2462,1
122335,2467,1
122355,2466,1
122375,2452,1
122395,2471,1
122415,2466,1
122435,2474,1
122465,2463,1
122475,2478,1
122495,2463,1
122515,2465,1
122535,2467,1
122555,2462,1
122575,2464,1
122595,2469,1
122615,2477,1
122635,2466,1
122665,2474,1
122675,2465,1
122695,2465,1
122715,2464,1
122735,2302,1
122755,2465,1
122775,2470,1
122795,2461,1
122815,2465,1
122835,2469,1
122855,2454,1
122875,2468,1
122895,2466,1
122915,2466,1
122935,2472,1
122955,2474,1
122975,2471,1
122995,2464,1
123015,2469,1
123035,2468,1
123055,2525,1
123075,2466,1
123095,2464,1
123115,2467,1
123135,2467,1
123155,2467,1
123175,2463,1
123195,2478,1
123215,2464,1
123235,2462,1
123255,2467,1
123275,2470,1
123295,2465,1
123315,2470,1
123335,2456,1
123355,2464,1
123375,2466,1
123395,2464,1
123415,2464,1
123435,2466,1
123455,2464,1
123475,2475,1
123495,2467,1
123515,2471,1
123535,2462,1
123555,2475,1
123575,2472,1
123595,2448,1
123615,2481,1
123635,2470,1
123655,2469,1
123675,2467,1
123695,2466,1
123715,2463,1
123735,2464,1
123755,2455,1
123775,2264,1
123795,2469,1
123815,2467,1
123835,2289,1
123855,2462,1
123875,2467,1
123895,2470,1
123915,2467,1
123935,2466,1
123955,2463,1
123975,2461,1
123995,2470,1
124015,2467,1
124035,2462,1
124055,2467,1
124075,2461,1
124095,2467,1
124115,2467,1
124135,2470,1
124155,2463,1
124175,2471,1
124195,2475,1
124215,2469,1
124235,2467,1
124255,2470,1
124275,2462,1
124295,2473,1
124315,2465,1
124335,2472,1
124355,2466,1
124375,2469,1
124395,2471,1
124415,2469,1
124435,2470,1
124455,2467,1
124475,2292,1
124495,2465,1
124515,2475,1
124535,2470,1
124555,2461,1
124575,2471,1
124595,2467,1
124615,2467,1
124635,2463,1
124655,2463,1
124675,2475,1
124695,2460,1
124725,2466,1
124735,2465,1
124765,2458,1
124785,2471,1
124815,2466,1
124845,2464,1
124875,2471,1
124885,2455,1
124895,2457,1
124905,2463,1
124915,2455,1
124935,2467,1
124955,2465,1
124975,2458,1
124995,2466,1
125015,2473,1
125035,2464,1
125055,2451,1
125075,2466,1
125105,2465,1
125115,2467,1
125135,2466,1
125155,2467,1
125175,2473,1
125195,2470,1
125215,2475,1
125235,2462,1
125255,2467,1
125275,2463,1
125295,2465,1
125315,2463,1
125335,2469,1
125355,2465,1
125375,2459,1
125395,2464,1
125415,2467,1
125435,2466,1
125455,2463,1
125475,2471,1
125495,2474,1
125515,2465,1
125535,2467,1
125555,2463,1
125575,2469,1
125595,2469,1
125615,2467,1
125635,2474,1
125655,2467,1
125675,2474,1
125695,2465,1
125725,2458,1
125735,2454,1
125755,2464,1
125775,2471,1
125795,2467,1
125815,2469,1
125835,2465,1
125855,2461,1
125875,2476,1
125895,2463,1
125915,2464,1
125935,2469,1
125955,2468,1
125975,2467,1
126005,2478,1
126015,2474,1
126035,2468,1
126055,2475,1
126075,2475,1
126095,2469,1
126115,2476,1
126135,2467,1
126155,2457,1
126175,2470,1
126195,2462,1
126215,2455,1
126235,2466,1
126255,2464,1
126275,2466,1
126295,2463,1
126315,2474,1
126335,2457,1
126355,2459,1
126375,2473,1
126395,2429,1
126415,2463,1
126435,2465,1
126455,2463,1
126475,2467,1
126495,2463,1
126515,2465,1
126535,2463,1
126555,2465,1
126575,2466,1
126605,2465,1
126615,2470,1
126635,2496,1
126655,2472,1
126675,2455,1
126695,2465,1
126715,2462,1
126735,2464,1
126755,2463,1
126775,2468,1
126795,2464,1
126815,2465,1
126835,2460,1
126855,2471,1
126875,2470,1
126895,2463,1
126915,2470,1
126935,2464,1
126955,2469,1
126975,2459,1
126995,2469,1
127015,2469,1
127035,2479,1
127055,2470,1
127075,2473,1
127095,2466,1
127115,2467,1
127135,2463,1
127155,2480,1
127175,2461,1
127195,2470,1
127215,2470,1
127235,2467,1
127255,2462,1
127275,2464,1
127295,2471,1
127315,2467,1
127335,2466,1
127355,2471,1
127375,2465,1
127395,2467,1
127415,2467,1
127435,2464,1
127455,2467,1
127475,2473,1
127495,2466,1
127515,2470,1
127535,2479,1
127565,2465,1
127575,2469,1
127595,2493,1
127615,2457,1
127635,2471,1
127655,2471,1
127675,2469,1
127695,2471,1
127715,2469,1
127735,2466,1
127755,2465,1
127775,2464,1
127795,2475,1
127815,2481,1
127835,2474,1
127855,2458,1
127885,2463,1
127895,2464,1
127915,2477,1
127935,2471,1
127955,2464,1
127975,2470,1
127995,2473,1
128015,2462,1
128035,2467,1
128055,2502,1
128075,2467,1
128095,2469,1
128115,2465,1
128135,2464,1
128155,2469,1
128175,2470,1
128195,2466,1
128215,2470,1
128235,2464,1
128255,2467,1
128275,2466,1
128295,2465,1
128315,2463,1
128335,2469,1
128355,2471,1
128375,2461,1
128395,2467,1
128415,2465,1
128435,2463,1
128455,2467,1
128475,2465,1
128495,2467,1
128515,2466,1
128535,2474,1
128555,2463,1
128575,2465,1
128595,2474,1
128615,2462,1
128635,2465,1
128655,2467,1
128675,2288,1
128695,2474,1
128725,2455,1
128765,2465,1
128785,2464,1
128815,2459,1
128835,2465,1
128845,2471,1
128855,2470,1
128865,2463,1
128885,2464,1
128895,2465,1
128915,2474,1
128935,2479,1
128955,2449,1
128975,2466,1
128995,2465,1
129015,2292,1
129035,2455,1
129055,2466,1
129075,2463,1
129095,2459,1
129115,2462,1
129135,2474,1
129155,2297,1
129175,2461,1
129195,2465,1
129215,2471,1
129235,2456,1
129255,2464,1
129275,2469,1
129295,2469,1
129315,2464,1
129335,2466,1
129355,2469,1
129375,2471,1
129395,2467,1
129415,2449,1
129435,2467,1
129455,2463,1
129475,2451,1
129495,2464,1
129515,2466,1
129535,2458,1
129555,2477,1
129575,2458,1
129595,2463,1
129615,2473,1
129635,2467,1
129655,2465,1
129685,2465,1
129695,2484,1
129715,2482,1
129735,2459,1
129755,2480,1
129775,2466,1
129795,2468,1
129815,2469,1
129835,2467,1
129855,2464,1
129875,2473,1
129895,2467,1
129915,2449,1
129935,2466,1
129955,2460,1
129975,2467,1
129995,2462,1
130015,2303,1
130035,2461,1
130055,2469,1
130075,2469,1
130095,2472,1
130115,2466,1
130135,2481,1
130155,2463,1
130175,2438,1
130195,2459,1
130215,2461,1
130235,2465,1
130255,2461,1
130275,2453,1
130295,2461,1
130315,2473,1
130335,2464,1
130355,2467,1
130375,2475,1
130395,2461,1
130415,2448,1
130435,2465,1
130455,2477,1
130475,2462,1
130495,2466,1
130515,2406,1
130535,2474,1
130555,2464,1
130575,2465,1
130595,2432,1
130615,2462,1
130635,2465,1
130665,2467,1
130675,2465,1
130695,2463,1
130715,2458,1
130735,2461,1
130755,2467,1
130775,2421,1
130795,2474,1
130815,2432,1
130835,2465,1
130855,2467,1
130875,2470,1
130895,2469,1
130915,2468,1
130935,2475,1
130955,2294,1
130975,2467,1
130995,2469,1
131015,2474,1
131045,2474,1
131055,2464,1
131075,2473,1
131095,2474,1
131115,2502,1
131135,2462,1
131155,2473,1
131175,2471,1
131195,2464,1
131215,2475,1
131235,2463,1
131255,2466,1
131275,2450,1
131295,2464,1
131315,2471,1
131335,2461,1
131355,2480,1
131375,2464,1
131395,2475,1
131415,2467,1
131435,2465,1
131455,2465,1
131475,2463,1
131495,2464,1
131515,2296,1
131535,2465,1
131555,2468,1
131575,2467,1
131595,2467,1
131625,2470,1
131635,2464,1
131655,2473,1
131675,2466,1
131695,2466,1
131715,2469,1
131735,2469,1
131765,2471,1
131775,2467,1
131795,2303,1
131815,2467,1
131835,2465,1
131855,2470,1
131875,2464,1
131895,2464,1
131915,2448,1
131935,2465,1
131955,2475,1
131975,2471,1
131995,2467,1
132015,2513,1
132035,2462,1
132055,2475,1
132075,2463,1
132095,2475,1
132115,2463,1
132135,2466,1
132155,2467,1
132175,2468,1
132205,2469,1
132215,2466,1
132235,2465,1
132255,2470,1
132275,2467,1
132305,2471,1
132315,2478,1
132335,2465,1
132355,2447,1
132375,2451,1
132395,2443,1
132415,2465,1
132435,2467,1
132455,2471,1
132475,2485,1
132495,2465,1
132515,2465,1
132535,2464,1
132555,2507,1
132575,2465,1
132595,2475,1
132615,2467,1
132635,2475,1
132655,2467,1
